,,Brightness,,,,,,,,,,,,,,,,,,,,,,,,Color,,,,,,,,,,,,Focus,,,,,,,,,NR,,,,,,,,,,,,,,,,,,,,,,,,,,,,,,,,,,,,,,,,,,,,,,,Postproc & Other,Postproc & Other,,,,,,,,,,,,,,,,,,,,,,,,
Scenario Name,Scenario Id,BLC,RGBGAIN,AEM,AE,AE_CTRL,AE_SYNC,AE_ADAPT,4IN1,DFLASH,AFL_V1,AFL_V3,AFL_CTRL,HIST,HIST2,ANTIFL,RAW_GTM,GTM,RGB_LTM,RGB_GAM,ATM4GAMM,XTM,Y_GAMMA,DRE,DRE_PRO,LSC_2D,ALSC,ALSC_CTRL,AWBC,AWB,CMC10_V1,CMC10,AWB_CTRL,AIAWB,HSV,HSV,PCC,RGB_AFM,AFT,AF,AF_CTRL,PDAF4,PDAF,PD,AIPD,TOF,RGB_DITHER,PPE,BPC,BWUD,BayerNR,IMBALANCE,CFAI,CCE,CCE_UVDIV,3DNR,YUV_PRECDN,UV_CDN,UV_POSTCDN,YNR,EE,CCNR,BCHS,YUV_NOISFILTER,MFNR_SD,MFNR_SD,SD_MFNR2.0,USD_param,USD_param,SD_USD2.2,SD_LOWLIGHT,SD_HIGHRES,SD_ISZ,MFSR,MFSR3,SD_MFSR,MFNR,MFNR3,MFNR3,MFNR4,MFNR5,MFNR5.2,MFNR5.2T,MFNR6,MFNR6L,ynr2.0,cnr4.0,DPF,DPF,YNRS,CNR3,YNR2,CNR4,HDR,HDR2T,D_ENVI,HDR3,HDR4,HDR4T,HDR5,HDR5.2,CHDR,BEAUTY,BEAUTY12,AI_PRO,WARP_PRO,WARP_PRO_T,aisfnr,raw_ar_mfnr_tuning,SP_BOKEH2,SP_BOKEH1,SC_BOKEH,D_MASK,DP_BOKEH,DC_BOKEH,XDR,XDR_T,XDR2,End
,,16386,16391,16398,16433,20647,20487,20489,20488,16438,16409,16410,20658,20563,16418,16443,20586,20636,20587,16404,16445,20642,20597,20596,20609,16394,16431,20649,16397,16434,20650,16403,20659,20657,24597,20621,20640,20565,16432,16435,20656,20646,16444,20660,20653,16446,24601,24600,24584,20585,24581,24599,24588,24586,24587,24579,24606,24603,24604,24607,24594,24598,24582,24605,28674,20652,29960,28675,70003,29959,29979,29980,29981,29953,29975,29976,20608,30722,70000,20624,20643,70004,30721,29956,29957,-1,-1,70001,28682,24608,24592,29954,29972,20611,29265,16437,20622,20641,29267,29958,29978,29982,20599,29973,20601,20627,29268,-1,,29961,29962,29963,29966,29967,29968,70002,28681,29974,-1
com,0x00-00-00-00-00-00-00-00,,,,,,,,,,,,,,,,,,,,,,,,,,,,,,,,,,,,,,,,,,,,,,,,,,,,,,,,,,,,,,,,,,,,,,,,,,,,,,,,,,,,,,,,,,,,,,,,,,,,,,,,,,,,,,,,,,,,,,N
prv0,0x00-00-01-00-00-00-00-00,,,N,Y,Y,N,,N,N,N,N,N,N,N,,N,N,N,,N,,N,N,N,N,Y,Y,N,Y,Y,,Y,Y,Y,Y,N,,N,,,,,,,,N,,,N,,,,N,,,,,,,,,N,N,N,N,N,N,N,N,N,N,N,N,N,N,N,N,N,N,N,N,N,N,N,N,N,N,N,N,N,N,N,N,N,N,N,N,N,N,N,N,N,N,,N,N,N,N,N,N,N,N,N,N,N,N,N,N
prv1,0x00-00-02-00-00-00-00-00,,,N,Y,Y,N,,N,N,N,N,N,N,N,,N,N,N,,N,,N,N,N,N,Y,Y,N,Y,Y,,Y,Y,Y,Y,N,,N,,,,,,,,N,,,N,,,,N,,,,,,,,,N,N,N,N,N,N,N,N,N,N,N,N,N,N,N,N,N,N,N,N,N,N,N,N,N,N,N,N,N,N,N,N,N,N,N,N,N,N,N,N,N,N,,N,N,N,N,N,N,N,N,N,N,N,N,N,N
prv2,0x00-00-03-00-00-00-00-00,,,N,Y,Y,N,,N,N,N,N,N,N,N,,N,N,N,,N,,N,N,N,N,Y,Y,N,Y,Y,,Y,Y,Y,Y,N,,N,,,,,,,,N,,,N,,,,N,,,,,,,,,N,N,N,N,N,N,N,N,N,N,N,N,N,N,N,N,N,N,N,N,N,N,N,N,N,N,N,N,N,N,N,N,N,N,N,N,N,N,N,N,N,N,,N,N,N,N,N,N,N,N,N,N,N,N,N,N
prv3,0x00-00-04-00-00-00-00-00,,,N,Y,Y,N,,N,N,N,N,N,N,N,,N,N,N,,N,,N,N,N,N,Y,Y,N,Y,Y,,Y,Y,Y,Y,N,,N,,,,,,,,N,,,N,,,,N,,,,,,,,,N,N,N,N,N,N,N,N,N,N,N,N,N,N,N,N,N,N,N,N,N,N,N,N,N,N,N,N,N,N,N,N,N,N,N,N,N,N,N,N,N,N,,N,N,N,N,N,N,N,N,N,N,N,N,N,N
cap0,0x00-00-05-00-00-00-00-00,N,N,N,N,N,N,N,N,N,N,N,N,N,N,N,N,N,N,N,N,N,N,N,N,N,N,N,N,N,N,,N,N,Y,Y,,N,N,N,N,N,N,,N,N,N,N,N,N,,,,N,,N,,,,,,,N,N,,,,N,N,N,N,N,N,N,N,N,,,,,,,,,,,,,,,,,,N,N,N,N,N,N,N,N,N,,,,N,N,N,,N,N,N,N,N,N,N,N,N,N
cap1,0x00-00-06-00-00-00-00-00,N,N,N,N,N,N,N,N,N,N,N,N,N,N,N,N,N,N,N,N,N,N,N,N,N,N,N,N,N,N,,N,N,Y,Y,,N,N,N,N,N,N,,N,N,N,N,N,N,,,,N,,N,,,,,,,N,N,,,,N,N,N,N,N,N,N,N,N,,,,,,,,,,,,,,,,,,N,N,N,N,N,N,N,N,N,,,,N,N,N,,N,N,N,N,N,N,N,N,N,N
cap2,0x00-00-07-00-00-00-00-00,N,N,N,N,N,N,N,N,N,N,N,N,N,N,N,N,N,N,N,N,N,N,N,N,N,N,N,N,N,N,,N,N,Y,Y,,N,N,N,N,N,N,,N,N,N,N,N,N,,,,N,,N,,,,,,,N,N,,,,N,N,N,N,N,N,N,N,N,,,,,,,,,,,,,,,,,,N,N,N,N,N,N,N,N,N,,,,N,N,N,,N,N,N,N,N,N,N,N,N,N
cap3,0x00-00-08-00-00-00-00-00,N,N,N,N,N,N,N,N,N,N,N,N,N,N,N,N,N,N,N,N,N,N,N,N,N,N,N,N,N,N,,N,N,Y,Y,,N,N,N,N,N,N,,N,N,N,N,N,N,,,,N,,N,,,,,,,N,N,,,,N,N,N,N,N,N,N,N,N,,,,,,,,,,,,,,,,,,N,N,N,N,N,N,N,N,N,,,,N,N,N,,N,N,N,N,N,N,N,N,N,N
video0,0x00-00-09-00-00-00-00-00,,,N,Y,Y,N,,N,N,N,N,N,N,N,,N,N,N,,N,,N,N,N,N,Y,Y,N,Y,Y,,Y,Y,Y,Y,N,,N,,,,,,,,N,,,N,,,,N,,,,,,,,,N,N,N,N,N,N,N,N,N,N,N,N,N,N,N,N,N,N,N,N,N,N,N,N,N,N,N,N,N,N,N,N,N,N,N,N,N,N,N,N,N,N,N,N,N,N,N,N,N,N,N,N,N,N,N,N,N
video1,0x00-00-0a-00-00-00-00-00,,,N,Y,Y,N,,N,N,N,N,N,N,N,,N,N,N,,N,,N,N,N,N,Y,Y,N,Y,Y,,Y,Y,Y,Y,N,,N,,,,,,,,N,,,N,,,,N,,,,,,,,,N,N,N,N,N,N,N,N,N,N,N,N,N,N,N,N,N,N,N,N,N,N,N,N,N,N,N,N,N,N,N,N,N,N,N,N,N,N,N,N,N,N,N,N,N,N,N,N,N,N,N,N,N,N,N,N,N
video2,0x00-00-0b-00-00-00-00-00,,,N,Y,Y,N,,N,N,N,N,N,N,N,,N,N,N,,N,,N,N,N,N,Y,Y,N,Y,Y,,Y,Y,Y,Y,N,,N,,,,,,,,N,,,N,,,,N,,,,,,,,,N,N,N,N,N,N,N,N,N,N,N,N,N,N,N,N,N,N,N,N,N,N,N,N,N,N,N,N,N,N,N,N,N,N,N,N,N,N,N,N,N,N,N,N,N,N,N,N,N,N,N,N,N,N,N,N,N
video3,0x00-00-0c-00-00-00-00-00,,,N,Y,Y,N,,N,N,N,N,N,N,N,,N,N,N,,N,,N,N,N,N,Y,Y,N,Y,Y,,Y,Y,Y,Y,N,,N,,,,,,,,N,,,N,,,,N,,,,,,,,,N,N,N,N,N,N,N,N,N,N,N,N,N,N,N,N,N,N,N,N,N,N,N,N,N,N,N,N,N,N,N,N,N,N,N,N,N,N,N,N,N,N,N,N,N,N,N,N,N,N,N,N,N,N,N,N,N
video4,0x00-00-0d-00-00-00-00-00,,,N,Y,Y,N,,N,N,N,N,N,N,N,,N,N,N,,N,,N,N,N,N,Y,Y,N,Y,Y,,Y,Y,Y,Y,N,,N,,,,,,,,N,,,N,,,,N,,,,,,,,,N,N,N,N,N,N,N,N,N,N,N,N,N,N,N,N,N,N,N,N,N,N,N,N,N,N,N,N,N,N,N,N,N,N,N,N,N,N,N,N,N,N,N,N,N,N,N,N,N,N,N,N,N,N,N,N,N
prv0_face,0x00-00-01-00-00-01-00-00,,N,N,Y,Y,N,N,N,N,N,N,N,N,N,,N,N,N,,N,,N,N,N,N,Y,Y,N,Y,Y,,Y,Y,Y,Y,N,N,N,N,N,N,N,,N,N,N,N,,N,,,,N,,,,,,,,,N,N,N,N,N,N,N,N,N,N,N,N,N,N,N,N,N,N,N,N,N,N,N,N,N,N,N,N,N,N,N,N,N,N,N,N,N,N,N,N,N,N,,N,N,N,N,N,N,N,N,N,N,N,N,N,N
prv1_face,0x00-00-02-00-00-01-00-00,,N,N,Y,Y,N,N,N,N,N,N,N,N,N,,N,N,N,,N,,N,N,N,N,Y,Y,N,Y,Y,,Y,Y,Y,Y,N,N,N,N,N,N,N,,N,N,N,N,,N,,,,N,,,,,,,,,N,N,N,N,N,N,N,N,N,N,N,N,N,N,N,N,N,N,N,N,N,N,N,N,N,N,N,N,N,N,N,N,N,N,N,N,N,N,N,N,N,N,,N,N,N,N,N,N,N,N,N,N,N,N,N,N
prv2_face,0x00-00-03-00-00-01-00-00,,N,N,Y,Y,N,N,N,N,N,N,N,N,N,,N,N,N,,N,,N,N,N,N,Y,Y,N,Y,Y,,Y,Y,Y,Y,N,N,N,N,N,N,N,,N,N,N,N,,N,,,,N,,,,,,,,,N,N,N,N,N,N,N,N,N,N,N,N,N,N,N,N,N,N,N,N,N,N,N,N,N,N,N,N,N,N,N,N,N,N,N,N,N,N,N,N,N,N,,N,N,N,N,N,N,N,N,N,N,N,N,N,N
prv3_face,0x00-00-04-00-00-01-00-00,,N,N,Y,Y,N,N,N,N,N,N,N,N,N,,N,N,N,,N,,N,N,N,N,Y,Y,N,Y,Y,,Y,Y,Y,Y,N,N,N,N,N,N,N,,N,N,N,N,,N,,,,N,,,,,,,,,N,N,N,N,N,N,N,N,N,N,N,N,N,N,N,N,N,N,N,N,N,N,N,N,N,N,N,N,N,N,N,N,N,N,N,N,N,N,N,N,N,N,,N,N,N,N,N,N,N,N,N,N,N,N,N,N
cap0_face,0x00-00-05-00-00-01-00-00,N,N,N,N,N,N,,N,N,N,N,N,N,N,N,N,N,N,N,N,N,N,N,N,N,N,N,N,N,N,,N,N,Y,Y,N,N,N,N,N,N,N,,N,N,N,N,N,N,,,,N,,N,,,,,,,N,N,N,N,N,N,N,N,N,N,N,N,N,N,,,,,,,,,,,,,,,,,,N,N,N,N,N,N,N,N,N,,,,N,N,N,,N,N,N,N,N,N,N,N,N,N
cap1_face,0x00-00-06-00-00-01-00-00,N,N,N,N,N,N,,N,N,N,N,N,N,N,N,N,N,N,N,N,N,N,N,N,N,N,N,N,N,N,,N,N,Y,Y,N,N,N,N,N,N,N,,N,N,N,N,N,N,,,,N,,N,,,,,,,N,N,N,N,N,N,N,N,N,N,N,N,N,N,,,,,,,,,,,,,,,,,,N,N,N,N,N,N,N,N,N,,,,N,N,N,,N,N,N,N,N,N,N,N,N,N
cap2_face,0x00-00-07-00-00-01-00-00,N,N,N,N,N,N,,N,N,N,N,N,N,N,N,N,N,N,N,N,N,N,N,N,N,N,N,N,N,N,,N,N,Y,Y,N,N,N,N,N,N,N,,N,N,N,N,N,N,,,,N,,N,,,,,,,N,N,N,N,N,N,N,N,N,N,N,N,N,N,,,,,,,,,,,,,,,,,,N,N,N,N,N,N,N,N,N,,,,N,N,N,,N,N,N,N,N,N,N,N,N,N
cap3_face,0x00-00-08-00-00-01-00-00,N,N,N,N,N,N,,N,N,N,N,N,N,N,N,N,N,N,N,N,N,N,N,N,N,N,N,N,N,N,,N,N,Y,Y,N,N,N,N,N,N,N,,N,N,N,N,N,N,,,,N,,N,,,,,,,N,N,N,N,N,N,N,N,N,N,N,N,N,N,,,,,,,,,,,,,,,,,,N,N,N,N,N,N,N,N,N,,,,N,N,N,,N,N,N,N,N,N,N,N,N,N
video0_face,0x00-00-09-00-00-01-00-00,,N,N,Y,Y,N,N,N,N,N,N,N,N,N,,N,N,N,,N,,N,N,N,N,Y,Y,N,Y,Y,,Y,Y,Y,Y,N,N,N,N,N,N,N,,N,N,N,N,,N,,,,N,,,,,,,,,N,N,N,N,N,N,N,N,N,N,N,N,N,N,N,N,N,N,N,N,N,N,N,N,N,N,N,N,N,N,N,N,N,N,N,N,N,N,N,N,N,N,N,N,N,N,N,N,N,N,N,N,N,N,N,N,N
video1_face,0x00-00-0a-00-00-01-00-00,,N,N,Y,Y,N,N,N,N,N,N,N,N,N,,N,N,N,,N,,N,N,N,N,Y,Y,N,Y,Y,,Y,Y,Y,Y,N,N,N,N,N,N,N,,N,N,N,N,,N,,,,N,,,,,,,,,N,N,N,N,N,N,N,N,N,N,N,N,N,N,N,N,N,N,N,N,N,N,N,N,N,N,N,N,N,N,N,N,N,N,N,N,N,N,N,N,N,N,N,N,N,N,N,N,N,N,N,N,N,N,N,N,N
video2_face,0x00-00-0b-00-00-01-00-00,,N,N,Y,Y,N,N,N,N,N,N,N,N,N,,N,N,N,,N,,N,N,N,N,Y,Y,N,Y,Y,,Y,Y,Y,Y,N,N,N,N,N,N,N,,N,N,N,N,,N,,,,N,,,,,,,,,N,N,N,N,N,N,N,N,N,N,N,N,N,N,N,N,N,N,N,N,N,N,N,N,N,N,N,N,N,N,N,N,N,N,N,N,N,N,N,N,N,N,N,N,N,N,N,N,N,N,N,N,N,N,N,N,N
video3_face,0x00-00-0c-00-00-01-00-00,,N,N,Y,Y,N,N,N,N,N,N,N,N,N,,N,N,N,,N,,N,N,N,N,Y,Y,N,Y,Y,,Y,Y,Y,Y,N,N,N,N,N,N,N,,N,N,N,N,,N,,,,N,,,,,,,,,N,N,N,N,N,N,N,N,N,N,N,N,N,N,N,N,N,N,N,N,N,N,N,N,N,N,N,N,N,N,N,N,N,N,N,N,N,N,N,N,N,N,N,N,N,N,N,N,N,N,N,N,N,N,N,N,N
video4_face,0x00-00-0d-00-00-01-00-00,,N,N,Y,Y,N,N,N,N,N,N,N,N,N,,N,N,N,,N,,N,N,N,N,Y,Y,N,Y,Y,,Y,Y,Y,Y,N,N,N,N,N,N,N,,N,N,N,N,,N,,,,N,,,,,,,,,N,N,N,N,N,N,N,N,N,N,N,N,N,N,N,N,N,N,N,N,N,N,N,N,N,N,N,N,N,N,N,N,N,N,N,N,N,N,N,N,N,N,N,N,N,N,N,N,N,N,N,N,N,N,N,N,N
prv0_night,0x00-00-01-01-00-00-00-00,,,N,Y,Y,N,,N,N,N,N,N,N,N,,N,N,N,,N,,N,N,N,N,Y,Y,N,Y,Y,,Y,Y,Y,Y,N,,N,,,,,,,,N,,,N,,,,N,,,,,,,,,N,N,N,N,N,N,N,N,N,N,N,N,N,N,N,N,N,N,N,N,N,N,N,N,N,N,N,N,N,N,N,N,N,N,N,N,N,N,N,N,N,N,N,N,N,N,N,N,N,N,N,N,N,N,N,N,N
prv1_night,0x00-00-02-01-00-00-00-00,,,N,Y,Y,N,,N,N,N,N,N,N,N,,N,N,N,,N,,N,N,N,N,Y,Y,N,Y,Y,,Y,Y,Y,Y,N,,N,,,,,,,,N,,,N,,,,N,,,,,,,,,N,N,N,N,N,N,N,N,N,N,N,N,N,N,N,N,N,N,N,N,N,N,N,N,N,N,N,N,N,N,N,N,N,N,N,N,N,N,N,N,N,N,N,N,N,N,N,N,N,N,N,N,N,N,N,N,N
prv2_night,0x00-00-03-01-00-00-00-00,,,N,Y,Y,N,,N,N,N,N,N,N,N,,N,N,N,,N,,N,N,N,N,Y,Y,N,Y,Y,,Y,Y,Y,Y,N,,N,,,,,,,,N,,,N,,,,N,,,,,,,,,N,N,N,N,N,N,N,N,N,N,N,N,N,N,N,N,N,N,N,N,N,N,N,N,N,N,N,N,N,N,N,N,N,N,N,N,N,N,N,N,N,N,N,N,N,N,N,N,N,N,N,N,N,N,N,N,N
prv3_night,0x00-00-04-01-00-00-00-00,,,N,Y,Y,N,,N,N,N,N,N,N,N,,N,N,N,,N,,N,N,N,N,Y,Y,N,Y,Y,,Y,Y,Y,Y,N,,N,,,,,,,,N,,,N,,,,N,,,,,,,,,N,N,N,N,N,N,N,N,N,N,N,N,N,N,N,N,N,N,N,N,N,N,N,N,N,N,N,N,N,N,N,N,N,N,N,N,N,N,N,N,N,N,N,N,N,N,N,N,N,N,N,N,N,N,N,N,N
cap0_night,0x00-00-05-01-00-00-00-00,N,N,N,N,N,N,N,N,N,N,N,N,N,N,N,N,N,N,,N,,N,N,N,N,N,N,N,N,N,,N,N,Y,Y,,N,N,N,N,N,N,,N,N,N,N,N,N,,,,N,,N,,,,,,,N,N,,,,N,N,N,N,N,N,N,N,N,,,,,,,,,,,,,,,,,,N,N,N,N,N,N,N,N,N,,,N,N,N,N,,N,N,N,N,N,N,,,,N
cap1_night,0x00-00-06-01-00-00-00-00,N,N,N,N,N,N,N,N,N,N,N,N,N,N,N,N,N,N,,N,,N,N,N,N,N,N,N,N,N,,N,N,Y,Y,,N,N,N,N,N,N,,N,N,N,N,N,N,,,,N,,N,,,,,,,N,N,,,,N,N,N,N,N,N,N,N,N,,,,,,,,,,,,,,,,,,N,N,N,N,N,N,,,,,,N,N,N,N,,N,N,N,N,N,N,,,,N
cap2_night,0x00-00-07-01-00-00-00-00,N,N,N,N,N,N,N,N,N,N,N,N,N,N,N,N,N,N,,N,,N,N,N,N,N,N,N,N,N,,N,N,Y,Y,,N,N,N,N,N,N,,N,N,N,N,N,N,,,,N,,N,,,,,,,N,N,,,,N,N,N,N,N,N,N,N,N,,,,,,,,,,,,,,,,,,N,N,N,N,N,N,N,N,N,,,N,N,N,N,,N,N,N,N,N,N,,,,N
cap3_night,0x00-00-08-01-00-00-00-00,N,N,N,N,N,N,N,N,N,N,N,N,N,N,N,N,N,N,,N,,N,N,N,N,N,N,N,N,N,,N,N,Y,Y,,N,N,N,N,N,N,,N,N,N,N,N,N,,,,N,,N,,,,,,,N,N,,,,N,N,N,N,N,N,N,N,N,,,,,,,,,,,,,,,,,,N,N,N,N,N,N,N,N,N,,,N,N,N,N,,N,N,N,N,N,N,,,,N
prv0_night_face,0x00-00-01-01-00-01-00-00,,N,N,Y,Y,N,N,N,N,N,N,N,N,N,,N,N,N,,N,,N,N,N,N,Y,Y,N,Y,Y,,Y,Y,Y,Y,N,N,N,N,N,N,N,,N,N,N,N,,N,,,,N,,,,,,,,,N,N,N,N,N,N,N,N,N,N,N,N,N,N,N,N,N,N,N,N,N,N,N,N,N,N,N,N,N,N,N,N,N,N,N,N,N,N,N,N,N,N,N,N,N,N,N,N,N,N,N,N,N,N,N,N,N
prv1_night_face,0x00-00-02-01-00-01-00-00,,N,N,Y,Y,N,N,N,N,N,N,N,N,N,,N,N,N,,N,,N,N,N,N,Y,Y,N,Y,Y,,Y,Y,Y,Y,N,N,N,N,N,N,N,,N,N,N,N,,N,,,,N,,,,,,,,,N,N,N,N,N,N,N,N,N,N,N,N,N,N,N,N,N,N,N,N,N,N,N,N,N,N,N,N,N,N,N,N,N,N,N,N,N,N,N,N,N,N,N,N,N,N,N,N,N,N,N,N,N,N,N,N,N
prv2_night_face,0x00-00-03-01-00-01-00-00,,N,N,Y,Y,N,N,N,N,N,N,N,N,N,,N,N,N,,N,,N,N,N,N,Y,Y,N,Y,Y,,Y,Y,Y,Y,N,N,N,N,N,N,N,,N,N,N,N,,N,,,,N,,,,,,,,,N,N,N,N,N,N,N,N,N,N,N,N,N,N,N,N,N,N,N,N,N,N,N,N,N,N,N,N,N,N,N,N,N,N,N,N,N,N,N,N,N,N,N,N,N,N,N,N,N,N,N,N,N,N,N,N,N
prv3_night_face,0x00-00-04-01-00-01-00-00,,N,N,Y,Y,N,N,N,N,N,N,N,N,N,,N,N,N,,N,,N,N,N,N,Y,Y,N,Y,Y,,Y,Y,Y,Y,N,N,N,N,N,N,N,,N,N,N,N,,N,,,,N,,,,,,,,,N,N,N,N,N,N,N,N,N,N,N,N,N,N,N,N,N,N,N,N,N,N,N,N,N,N,N,N,N,N,N,N,N,N,N,N,N,N,N,N,N,N,N,N,N,N,N,N,N,N,N,N,N,N,N,N,N
cap0_night_face,0x00-00-05-01-00-01-00-00,N,N,N,N,N,N,,N,N,N,N,N,N,N,N,N,N,N,,N,,N,N,N,N,N,N,N,N,N,,N,N,Y,Y,N,N,N,N,N,N,N,,N,N,N,N,N,N,,,,N,,N,,,,,,,N,N,N,N,N,N,N,N,N,N,N,N,N,N,,,,,,,,,,,,,,,,,,N,N,N,N,N,N,N,N,N,,,N,N,N,N,,N,N,N,N,N,N,,,,N
cap1_night_face,0x00-00-06-01-00-01-00-00,N,N,N,N,N,N,,N,N,N,N,N,N,N,N,N,N,N,,N,,N,N,N,N,N,N,N,N,N,,N,N,Y,Y,N,N,N,N,N,N,N,,N,N,N,N,N,N,,,,N,,N,,,,,,,N,N,N,N,N,N,N,N,N,N,N,N,N,N,,,,,,,,,,,,,,,,,,N,N,N,N,N,N,N,N,N,,,N,N,N,N,,N,N,N,N,N,N,,,,N
cap2_night_face,0x00-00-07-01-00-01-00-00,N,N,N,N,N,N,,N,N,N,N,N,N,N,N,N,N,N,,N,,N,N,N,N,N,N,N,N,N,,N,N,Y,Y,N,N,N,N,N,N,N,,N,N,N,N,N,N,,,,N,,N,,,,,,,N,N,N,N,N,N,N,N,N,N,N,N,N,N,,,,,,,,,,,,,,,,,,N,N,N,N,N,N,N,N,N,,,N,N,N,N,,N,N,N,N,N,N,,,,N
cap3_night_face,0x00-00-08-01-00-01-00-00,N,N,N,N,N,N,,N,N,N,N,N,N,N,N,N,N,N,,N,,N,N,N,N,N,N,N,N,N,,N,N,Y,Y,N,N,N,N,N,N,N,,N,N,N,N,N,N,,,,N,,N,,,,,,,N,N,N,N,N,N,N,N,N,N,N,N,N,N,,,,,,,,,,,,,,,,,,N,N,N,N,N,N,N,N,N,,,N,N,N,N,,N,N,N,N,N,N,,,,N
prv0_bokeh,0x00-00-01-02-00-00-00-00,,,N,Y,Y,N,,N,N,N,N,N,N,N,,N,N,N,,N,,N,N,N,N,Y,Y,N,Y,Y,,Y,Y,Y,Y,N,,N,,,,,,,,N,,,N,,,,N,,,,,,,,,N,N,N,N,N,N,N,N,N,N,N,N,N,N,N,N,N,N,N,N,N,N,N,N,N,N,N,N,N,N,N,N,N,N,N,N,N,N,N,N,N,N,N,N,N,N,N,N,N,N,,,N,N,N,N,N
prv1_bokeh,0x00-00-02-02-00-00-00-00,,,N,Y,Y,N,,N,N,N,N,N,N,N,,N,N,N,,N,,N,N,N,N,Y,Y,N,Y,Y,,Y,Y,Y,Y,N,,N,,,,,,,,N,,,N,,,,N,,,,,,,,,N,N,N,N,N,N,N,N,N,N,N,N,N,N,N,N,N,N,N,N,N,N,N,N,N,N,N,N,N,N,N,N,N,N,N,N,N,N,N,N,N,N,N,N,N,N,N,N,N,N,,,N,N,N,N,N
prv2_bokeh,0x00-00-03-02-00-00-00-00,,,N,Y,Y,N,,N,N,N,N,N,N,N,,N,N,N,,N,,N,N,N,N,Y,Y,N,Y,Y,,Y,Y,Y,Y,N,,N,,,,,,,,N,,,N,,,,N,,,,,,,,,N,N,N,N,N,N,N,N,N,N,N,N,N,N,N,N,N,N,N,N,N,N,N,N,N,N,N,N,N,N,N,N,N,N,N,N,N,N,N,N,N,N,N,N,N,N,N,N,N,N,,,N,N,N,N,N
prv3_bokeh,0x00-00-04-02-00-00-00-00,,,N,Y,Y,N,,N,N,N,N,N,N,N,,N,N,N,,N,,N,N,N,N,Y,Y,N,Y,Y,,Y,Y,Y,Y,N,,N,,,,,,,,N,,,N,,,,N,,,,,,,,,N,N,N,N,N,N,N,N,N,N,N,N,N,N,N,N,N,N,N,N,N,N,N,N,N,N,N,N,N,N,N,N,N,N,N,N,N,N,N,N,N,N,N,N,N,N,N,N,N,N,,,N,N,N,N,N
cap0_bokeh,0x00-00-05-02-00-00-00-00,N,N,N,N,N,N,N,N,N,N,N,N,N,N,N,N,N,N,N,N,N,N,N,N,N,N,N,N,N,N,,N,N,Y,Y,,N,N,N,N,N,N,,N,N,N,N,N,N,,,,N,,N,,,,,,,N,N,,,,N,N,N,N,N,N,N,N,N,,,,,,,,,,,,,,,,,,Y,Y,N,Y,Y,Y,Y,Y,Y,,,N,N,N,N,,N,N,N,,N,,N,N,N,N
cap1_bokeh,0x00-00-06-02-00-00-00-00,N,N,N,N,N,N,N,N,N,N,N,N,N,N,N,N,N,N,N,N,N,N,N,N,N,N,N,N,N,N,,N,N,Y,Y,,N,N,N,N,N,N,,N,N,N,N,N,N,,,,N,,N,,,,,,,N,N,,,,N,N,N,N,N,N,N,N,N,,,,,,,,,,,,,,,,,,N,N,N,N,N,N,N,N,N,,,N,N,N,N,,N,N,N,,N,,N,N,N,N
cap2_bokeh,0x00-00-07-02-00-00-00-00,N,N,N,N,N,N,N,N,N,N,N,N,N,N,N,N,N,N,N,N,N,N,N,N,N,N,N,N,N,N,,N,N,Y,Y,,N,N,N,N,N,N,,N,N,N,N,N,N,,,,N,,N,,,,,,,N,N,,,,N,N,N,N,N,N,N,N,N,,,,,,,,,,,,,,,,,,N,N,N,N,N,N,N,N,N,,,N,N,N,N,,N,N,N,,N,,N,N,N,N
cap3_bokeh,0x00-00-08-02-00-00-00-00,N,N,N,N,N,N,N,N,N,N,N,N,N,N,N,N,N,N,N,N,N,N,N,N,N,N,N,N,N,N,,N,N,Y,Y,,N,N,N,N,N,N,,N,N,N,N,N,N,,,,N,,N,,,,,,,N,N,,,,N,N,N,N,N,N,N,N,N,,,,,,,,,,,,,,,,,,N,N,N,N,N,N,N,N,N,,,N,N,N,N,,N,N,N,,N,,N,N,N,N
prv0_bokeh_face,0x00-00-01-02-00-01-00-00,,N,N,Y,Y,N,N,N,N,N,N,N,N,N,,N,N,N,,N,,N,N,N,N,Y,Y,N,Y,Y,,Y,Y,Y,Y,N,N,N,N,N,N,N,,N,N,N,N,,N,,,,N,,,,,,,,,N,N,N,N,N,N,N,N,N,N,N,N,N,N,N,N,N,N,N,N,N,N,N,N,N,N,N,N,N,N,N,N,N,N,N,N,N,N,N,N,N,N,N,N,N,N,N,N,N,N,,,N,N,N,N,N
prv1_bokeh_face,0x00-00-02-02-00-01-00-00,,N,N,Y,Y,N,N,N,N,N,N,N,N,N,,N,N,N,,N,,N,N,N,N,Y,Y,N,Y,Y,,Y,Y,Y,Y,N,N,N,N,N,N,N,,N,N,N,N,,N,,,,N,,,,,,,,,N,N,N,N,N,N,N,N,N,N,N,N,N,N,N,N,N,N,N,N,N,N,N,N,N,N,N,N,N,N,N,N,N,N,N,N,N,N,N,N,N,N,N,N,N,N,N,N,N,N,,,N,N,N,N,N
prv2_bokeh_face,0x00-00-03-02-00-01-00-00,,N,N,Y,Y,N,N,N,N,N,N,N,N,N,,N,N,N,,N,,N,N,N,N,Y,Y,N,Y,Y,,Y,Y,Y,Y,N,N,N,N,N,N,N,,N,N,N,N,,N,,,,N,,,,,,,,,N,N,N,N,N,N,N,N,N,N,N,N,N,N,N,N,N,N,N,N,N,N,N,N,N,N,N,N,N,N,N,N,N,N,N,N,N,N,N,N,N,N,N,N,N,N,N,N,N,N,,,N,N,N,N,N
prv3_bokeh_face,0x00-00-04-02-00-01-00-00,,N,N,Y,Y,N,N,N,N,N,N,N,N,N,,N,N,N,,N,,N,N,N,N,Y,Y,N,Y,Y,,Y,Y,Y,Y,N,N,N,N,N,N,N,,N,N,N,N,,N,,,,N,,,,,,,,,N,N,N,N,N,N,N,N,N,N,N,N,N,N,N,N,N,N,N,N,N,N,N,N,N,N,N,N,N,N,N,N,N,N,N,N,N,N,N,N,N,N,N,N,N,N,N,N,N,N,,,N,N,N,N,N
cap0_bokeh_face,0x00-00-05-02-00-01-00-00,N,N,N,N,N,N,,N,N,N,N,N,N,N,N,N,N,N,N,N,N,N,N,N,N,N,N,N,N,N,,N,N,Y,Y,N,N,N,N,N,N,N,,N,N,N,N,N,N,,,,N,,N,,,,,,,N,N,N,N,N,N,N,N,N,N,N,N,N,N,,,,,,,,,,,,,,,,,,N,N,N,N,N,N,N,N,N,,,N,N,N,N,,N,N,N,,N,,N,N,N,N
cap1_bokeh_face,0x00-00-06-02-00-01-00-00,N,N,N,N,N,N,,N,N,N,N,N,N,N,N,N,N,N,N,N,N,N,N,N,N,N,N,N,N,N,,N,N,Y,Y,N,N,N,N,N,N,N,,N,N,N,N,N,N,,,,N,,N,,,,,,,N,N,N,N,N,N,N,N,N,N,N,N,N,N,,,,,,,,,,,,,,,,,,N,N,N,N,N,N,N,N,N,,,N,N,N,N,,N,N,N,,N,,N,N,N,N
cap2_bokeh_face,0x00-00-07-02-00-01-00-00,N,N,N,N,N,N,,N,N,N,N,N,N,N,N,N,N,N,N,N,N,N,N,N,N,N,N,N,N,N,,N,N,Y,Y,N,N,N,N,N,N,N,,N,N,N,N,N,N,,,,N,,N,,,,,,,N,N,N,N,N,N,N,N,N,N,N,N,N,N,,,,,,,,,,,,,,,,,,N,N,N,N,N,N,N,N,N,,,N,N,N,N,,N,N,N,,N,,N,N,N,N
cap3_bokeh_face,0x00-00-08-02-00-01-00-00,N,N,N,N,N,N,,N,N,N,N,N,N,N,N,N,N,N,N,N,N,N,N,N,N,N,N,N,N,N,,N,N,Y,Y,N,N,N,N,N,N,N,,N,N,N,N,N,N,,,,N,,N,,,,,,,N,N,N,N,N,N,N,N,N,N,N,N,N,N,,,,,,,,,,,,,,,,,,N,N,N,N,N,N,N,N,N,,,N,N,N,N,,N,N,N,,N,,N,N,N,N
prv0_ultra,0x00-00-01-0d-00-00-00-00,,N,N,Y,Y,N,,N,N,N,N,N,N,N,,N,N,N,,N,,N,N,N,N,Y,Y,N,Y,Y,,Y,Y,Y,Y,N,,N,,,,,,,,N,,,N,,,,N,,,,,,,,,N,N,N,N,N,N,N,N,N,N,N,N,N,N,N,N,N,N,N,N,N,N,N,N,N,N,N,N,N,N,N,N,N,N,N,N,N,N,N,N,N,N,N,N,N,N,N,N,N,N,N,N,N,N,N,N,N
prv1_ultra,0x00-00-02-0d-00-00-00-00,,N,N,Y,Y,N,,N,N,N,N,N,N,N,,N,N,N,,N,,N,N,N,N,Y,Y,N,Y,Y,,Y,Y,Y,Y,N,,N,,,,,,,,N,,,N,,,,N,,,,,,,,,N,N,N,N,N,N,N,N,N,N,N,N,N,N,N,N,N,N,N,N,N,N,N,N,N,N,N,N,N,N,N,N,N,N,N,N,N,N,N,N,N,N,N,N,N,N,N,N,N,N,N,N,N,N,N,N,N
cap0_ultra,0x00-00-05-0d-00-00-00-00,N,N,N,N,N,N,N,N,N,N,N,N,N,N,,N,N,N,N,N,N,N,N,N,N,N,N,N,N,N,,N,N,Y,Y,,N,N,N,N,N,N,,N,N,N,N,N,N,,,,N,,N,,,,,,,N,N,,,,N,N,N,N,N,N,N,N,N,,,,,,,,,,,,,,,,,,N,N,N,N,N,N,N,N,N,,,N,N,N,N,,N,N,N,N,N,N,N,N,N,N
cap1_ultra,0x00-00-06-0d-00-00-00-00,N,N,N,N,N,N,N,N,N,N,N,N,N,N,,N,N,N,N,N,N,N,N,N,N,N,N,N,N,N,,N,N,Y,Y,,N,N,N,N,N,N,,N,N,N,N,N,N,,,,N,,N,,,,,,,N,N,,,,N,N,N,N,N,N,N,N,N,,,,,,,,,,,,,,,,,,N,N,N,N,N,N,N,N,N,,,N,N,N,N,,N,N,N,N,N,N,N,N,N,N
prv0_ultra_face,0x00-00-01-0d-00-01-00-00,,N,N,Y,Y,N,N,N,N,N,N,N,N,N,,N,N,N,,N,,N,N,N,N,Y,Y,N,Y,Y,,Y,Y,Y,Y,N,N,N,N,N,N,N,,N,N,N,N,,N,,,,N,,,,,,,,,N,N,N,N,N,N,N,N,N,N,N,N,N,N,N,N,N,N,N,N,N,N,N,N,N,N,N,N,N,N,N,N,N,N,N,N,N,N,N,N,N,N,N,N,N,N,N,N,N,N,N,N,N,N,N,N,N
prv1_ultra_face,0x00-00-02-0d-00-01-00-00,,N,N,Y,Y,N,N,N,N,N,N,N,N,N,,N,N,N,,N,,N,N,N,N,Y,Y,N,Y,Y,,Y,Y,Y,Y,N,N,N,N,N,N,N,,N,N,N,N,,N,,,,N,,,,,,,,,N,N,N,N,N,N,N,N,N,N,N,N,N,N,N,N,N,N,N,N,N,N,N,N,N,N,N,N,N,N,N,N,N,N,N,N,N,N,N,N,N,N,N,N,N,N,N,N,N,N,N,N,N,N,N,N,N
cap0_ultra_face,0x00-00-05-0d-00-01-00-00,N,N,N,N,N,N,,N,N,N,N,N,N,N,N,N,N,N,N,N,N,N,N,N,N,N,N,N,N,N,,N,N,Y,Y,N,N,N,N,N,N,N,,N,N,N,N,N,N,,,,N,,N,,,,,,,N,N,N,N,N,N,N,N,N,N,N,N,N,N,,,,,,,,,,,,,,,,,,N,N,N,N,N,N,N,N,N,,,N,N,N,N,,N,N,N,N,N,N,N,N,N,N
cap1_ultra_face,0x00-00-06-0d-00-01-00-00,N,N,N,N,N,N,,N,N,N,N,N,N,N,N,N,N,N,N,N,N,N,N,N,N,N,N,N,N,N,,N,N,Y,Y,N,N,N,N,N,N,N,,N,N,N,N,N,N,,,,N,,N,,,,,,,N,N,N,N,N,N,N,N,N,N,N,N,N,N,,,,,,,,,,,,,,,,,,N,N,N,N,N,N,N,N,N,,,N,N,N,N,,N,N,N,N,N,N,N,N,N,N
prv0_hdr,0x00-00-01-00-01-00-00-00,,,N,Y,Y,N,N,N,N,N,N,N,N,N,,N,N,N,,N,,N,N,N,N,Y,Y,N,Y,Y,,Y,Y,Y,Y,N,N,N,N,N,N,N,,N,N,N,N,,N,,,,N,,,,,,,,,N,N,N,N,N,N,N,N,N,N,N,N,N,N,N,N,N,N,N,N,N,N,N,N,N,N,N,N,N,N,N,N,N,N,N,N,N,N,N,N,N,N,,N,N,N,N,N,N,N,N,N,N,N,N,N,N
prv1_hdr,0x00-00-02-00-01-00-00-00,,,N,Y,Y,N,N,N,N,N,N,N,N,N,,N,N,N,,N,,N,N,N,N,Y,Y,N,Y,Y,,Y,Y,Y,Y,N,N,N,N,N,N,N,,N,N,N,N,,N,,,,N,,,,,,,,,N,N,N,N,N,N,N,N,N,N,N,N,N,N,N,N,N,N,N,N,N,N,N,N,N,N,N,N,N,N,N,N,N,N,N,N,N,N,N,N,N,N,,N,N,N,N,N,N,N,N,N,N,N,N,N,N
prv2_hdr,0x00-00-03-00-01-00-00-00,,,N,Y,Y,N,N,N,N,N,N,N,N,N,,N,N,N,,N,,N,N,N,N,Y,Y,N,Y,Y,,Y,Y,Y,Y,N,N,N,N,N,N,N,,N,N,N,N,,N,,,,N,,,,,,,,,N,N,N,N,N,N,N,N,N,N,N,N,N,N,N,N,N,N,N,N,N,N,N,N,N,N,N,N,N,N,N,N,N,N,N,N,N,N,N,N,N,N,,N,N,N,N,N,N,N,N,N,N,N,N,N,N
prv3_hdr,0x00-00-04-00-01-00-00-00,,,N,Y,Y,N,N,N,N,N,N,N,N,N,,N,N,N,,N,,N,N,N,N,Y,Y,N,Y,Y,,Y,Y,Y,Y,N,N,N,N,N,N,N,,N,N,N,N,,N,,,,N,,,,,,,,,N,N,N,N,N,N,N,N,N,N,N,N,N,N,N,N,N,N,N,N,N,N,N,N,N,N,N,N,N,N,N,N,N,N,N,N,N,N,N,N,N,N,,N,N,N,N,N,N,N,N,N,N,N,N,N,N
cap0_hdr,0x00-00-05-00-01-00-00-00,N,,N,Y,Y,N,,N,N,N,N,N,N,N,N,N,N,N,N,N,N,N,N,N,N,Y,Y,N,Y,Y,,Y,Y,Y,Y,N,N,N,N,N,N,N,,N,N,N,N,N,N,,,,N,,N,,,,,,,N,N,N,N,N,N,N,N,N,N,N,N,N,N,,,,,,,,,,,,,,,,,,,,N,,,,,,,,,,N,N,N,,N,N,N,N,N,N,N,N,N,N
cap1_hdr,0x00-00-06-00-01-00-00-00,N,,N,Y,Y,N,,N,N,N,N,N,N,N,N,N,N,N,N,N,N,N,N,N,N,Y,Y,N,Y,Y,,Y,Y,Y,Y,N,N,N,N,N,N,N,,N,N,N,N,N,N,,,,N,,N,,,,,,,N,N,N,N,N,N,N,N,N,N,N,N,N,N,,,,,,,,,,,,,,,,,,,,N,,,,,,,,,,N,N,N,,N,N,N,N,N,N,N,N,N,N
cap2_hdr,0x00-00-07-00-01-00-00-00,N,,N,Y,Y,N,,N,N,N,N,N,N,N,N,N,N,N,N,N,N,N,N,N,N,Y,Y,N,Y,Y,,Y,Y,Y,Y,N,N,N,N,N,N,N,,N,N,N,N,N,N,,,,N,,N,,,,,,,N,N,N,N,N,N,N,N,N,N,N,N,N,N,,,,,,,,,,,,,,,,,,,,N,,,,,,,,,,N,N,N,,N,N,N,N,N,N,N,N,N,N
cap3_hdr,0x00-00-08-00-01-00-00-00,N,,N,Y,Y,N,,N,N,N,N,N,N,N,N,N,N,N,N,N,N,N,N,N,N,Y,Y,N,Y,Y,,Y,Y,Y,Y,N,N,N,N,N,N,N,,N,N,N,N,N,N,,,,N,,N,,,,,,,N,N,N,N,N,N,N,N,N,N,N,N,N,N,,,,,,,,,,,,,,,,,,,,N,,,,,,,,,,N,N,N,,N,N,N,N,N,N,N,N,N,N
prv0_flash,0x00-00-01-00-02-00-00-00,,N,N,Y,Y,N,N,N,N,N,N,N,N,N,,N,N,N,,N,,N,N,N,N,Y,Y,N,Y,Y,,Y,Y,Y,Y,N,,N,,,,,,,,N,N,,N,,,,N,,,,,,,,,N,N,N,N,N,N,N,N,N,N,N,N,N,N,N,N,N,N,N,N,N,N,N,N,N,N,N,N,N,N,N,N,N,N,N,N,N,N,N,N,N,N,,N,N,N,N,N,N,N,N,N,N,N,N,N,N
prv1_flash,0x00-00-02-00-02-00-00-00,,N,N,Y,Y,N,N,N,N,N,N,N,N,N,,N,N,N,,N,,N,N,N,N,Y,Y,N,Y,Y,,Y,Y,Y,Y,N,,N,,,,,,,,N,N,,N,,,,N,,,,,,,,,N,N,N,N,N,N,N,N,N,N,N,N,N,N,N,N,N,N,N,N,N,N,N,N,N,N,N,N,N,N,N,N,N,N,N,N,N,N,N,N,N,N,,N,N,N,N,N,N,N,N,N,N,N,N,N,N
prv2_flash,0x00-00-03-00-02-00-00-00,,N,N,Y,Y,N,N,N,N,N,N,N,N,N,,N,N,N,,N,,N,N,N,N,Y,Y,N,Y,Y,,Y,Y,Y,Y,N,,N,,,,,,,,N,N,,N,,,,N,,,,,,,,,N,N,N,N,N,N,N,N,N,N,N,N,N,N,N,N,N,N,N,N,N,N,N,N,N,N,N,N,N,N,N,N,N,N,N,N,N,N,N,N,N,N,,N,N,N,N,N,N,N,N,N,N,N,N,N,N
prv3_flash,0x00-00-04-00-02-00-00-00,,N,N,Y,Y,N,N,N,N,N,N,N,N,N,,N,N,N,,N,,N,N,N,N,Y,Y,N,Y,Y,,Y,Y,Y,Y,N,,N,,,,,,,,N,N,,N,,,,N,,,,,,,,,N,N,N,N,N,N,N,N,N,N,N,N,N,N,N,N,N,N,N,N,N,N,N,N,N,N,N,N,N,N,N,N,N,N,N,N,N,N,N,N,N,N,,N,N,N,N,N,N,N,N,N,N,N,N,N,N
cap0_flash,0x00-00-05-00-02-00-00-00,N,N,N,Y,Y,N,,N,N,N,N,N,N,N,N,N,N,N,,N,N,N,N,N,N,N,N,N,N,N,N,N,N,Y,Y,N,N,N,N,N,N,N,,N,N,N,N,N,N,,,,N,,N,,,,,,,N,N,N,N,N,N,N,N,N,N,N,N,N,N,,,,,,,,,,,,,,,,,,N,N,N,N,N,N,N,N,N,,,,N,N,N,,N,N,N,N,N,N,N,N,N,N
cap1_flash,0x00-00-06-00-02-00-00-00,N,N,N,Y,Y,N,,N,N,N,N,N,N,N,N,N,N,N,,N,N,N,N,N,N,N,N,N,N,N,N,N,N,Y,Y,N,N,N,N,N,N,N,,N,N,N,N,N,N,,,,N,,N,,,,,,,N,N,N,N,N,N,N,N,N,N,N,N,N,N,,,,,,,,,,,,,,,,,,N,N,N,N,N,N,N,N,N,,,,N,N,N,,N,N,N,N,N,N,N,N,N,N
cap2_flash,0x00-00-07-00-02-00-00-00,N,N,N,Y,Y,N,,N,N,N,N,N,N,N,N,N,N,N,,N,N,N,N,N,N,N,N,N,N,N,N,N,N,Y,Y,N,N,N,N,N,N,N,,N,N,N,N,N,N,,,,N,,N,,,,,,,N,N,N,N,N,N,N,N,N,N,N,N,N,N,,,,,,,,,,,,,,,,,,N,N,N,N,N,N,N,N,N,,,,N,N,N,,N,N,N,N,N,N,N,N,N,N
cap3_flash,0x00-00-08-00-02-00-00-00,N,N,N,Y,Y,N,,N,N,N,N,N,N,N,N,N,N,N,,N,N,N,N,N,N,N,N,N,N,N,N,N,N,Y,Y,N,N,N,N,N,N,N,,N,N,N,N,N,N,,,,N,,N,,,,,,,N,N,N,N,N,N,N,N,N,N,N,N,N,N,,,,,,,,,,,,,,,,,,N,N,N,N,N,N,N,N,N,,,,N,N,N,,N,N,N,N,N,N,N,N,N,N
prv0_hdr_face,0x00-00-01-00-01-01-00-00,,N,N,Y,Y,N,N,N,N,N,N,N,N,N,,N,N,N,,N,,N,N,N,N,Y,Y,N,Y,Y,,Y,Y,Y,Y,N,N,N,N,N,N,N,,N,N,N,N,,N,,,,N,,,,,,,,,N,N,N,N,N,N,N,N,N,N,N,N,N,N,N,N,N,N,N,N,N,N,N,N,N,N,N,N,N,N,N,N,N,N,N,N,N,N,N,N,N,N,,N,N,N,N,N,N,N,N,N,N,N,N,N,N
prv1_hdr_face,0x00-00-02-00-01-01-00-00,,N,N,Y,Y,N,N,N,N,N,N,N,N,N,,N,N,N,,N,,N,N,N,N,Y,Y,N,Y,Y,,Y,Y,Y,Y,N,N,N,N,N,N,N,,N,N,N,N,,N,,,,N,,,,,,,,,N,N,N,N,N,N,N,N,N,N,N,N,N,N,N,N,N,N,N,N,N,N,N,N,N,N,N,N,N,N,N,N,N,N,N,N,N,N,N,N,N,N,,N,N,N,N,N,N,N,N,N,N,N,N,N,N
prv2_hdr_face,0x00-00-03-00-01-01-00-00,,N,N,Y,Y,N,N,N,N,N,N,N,N,N,,N,N,N,,N,,N,N,N,N,Y,Y,N,Y,Y,,Y,Y,Y,Y,N,N,N,N,N,N,N,,N,N,N,N,,N,,,,N,,,,,,,,,N,N,N,N,N,N,N,N,N,N,N,N,N,N,N,N,N,N,N,N,N,N,N,N,N,N,N,N,N,N,N,N,N,N,N,N,N,N,N,N,N,N,,N,N,N,N,N,N,N,N,N,N,N,N,N,N
prv3_hdr_face,0x00-00-04-00-01-01-00-00,,N,N,Y,Y,N,N,N,N,N,N,N,N,N,,N,N,N,,N,,N,N,N,N,Y,Y,N,Y,Y,,Y,Y,Y,Y,N,N,N,N,N,N,N,,N,N,N,N,,N,,,,N,,,,,,,,,N,N,N,N,N,N,N,N,N,N,N,N,N,N,N,N,N,N,N,N,N,N,N,N,N,N,N,N,N,N,N,N,N,N,N,N,N,N,N,N,N,N,,N,N,N,N,N,N,N,N,N,N,N,N,N,N
cap0_hdr_face,0x00-00-05-00-01-01-00-00,N,N,N,Y,Y,N,,N,N,N,N,N,N,N,N,N,N,N,N,N,N,N,N,N,N,Y,Y,N,Y,Y,,Y,Y,Y,Y,N,N,N,N,N,N,N,,N,N,N,N,N,N,,,,N,,N,,,,,,,N,N,N,N,N,N,N,N,N,N,N,N,N,N,,,,,,,,,,,,,,,,,,,,N,,,,,,,,,,N,N,N,,N,N,N,N,N,N,N,N,N,N
cap1_hdr_face,0x00-00-06-00-01-01-00-00,N,N,N,Y,Y,N,,N,N,N,N,N,N,N,N,N,N,N,N,N,N,N,N,N,N,Y,Y,N,Y,Y,,Y,Y,Y,Y,N,N,N,N,N,N,N,,N,N,N,N,N,N,,,,N,,N,,,,,,,N,N,N,N,N,N,N,N,N,N,N,N,N,N,,,,,,,,,,,,,,,,,,,,N,,,,,,,,,,N,N,N,,N,N,N,N,N,N,N,N,N,N
cap2_hdr_face,0x00-00-07-00-01-01-00-00,N,N,N,Y,Y,N,,N,N,N,N,N,N,N,N,N,N,N,N,N,N,N,N,N,N,Y,Y,N,Y,Y,,Y,Y,Y,Y,N,N,N,N,N,N,N,,N,N,N,N,N,N,,,,N,,N,,,,,,,N,N,N,N,N,N,N,N,N,N,N,N,N,N,,,,,,,,,,,,,,,,,,,,N,,,,,,,,,,N,N,N,,N,N,N,N,N,N,N,N,N,N
cap3_hdr_face,0x00-00-08-00-01-01-00-00,N,N,N,Y,Y,N,,N,N,N,N,N,N,N,N,N,N,N,N,N,N,N,N,N,N,Y,Y,N,Y,Y,,Y,Y,Y,Y,N,N,N,N,N,N,N,,N,N,N,N,N,N,,,,N,,N,,,,,,,N,N,N,N,N,N,N,N,N,N,N,N,N,N,,,,,,,,,,,,,,,,,,,,N,,,,,,,,,,N,N,N,,N,N,N,N,N,N,N,N,N,N
prv0_zoom,0x00-00-01-00-00-00-00-01,,N,N,Y,Y,N,N,N,N,N,N,N,N,N,,N,N,N,,N,,N,N,N,N,Y,Y,N,Y,Y,,Y,Y,Y,Y,N,N,N,N,N,N,N,,N,N,N,N,,N,,,,N,,,,,,,,,N,N,N,N,N,N,N,N,N,N,N,N,N,N,N,N,N,N,N,N,N,N,N,N,N,N,N,N,N,N,N,N,N,N,N,N,N,N,N,N,N,N,,N,N,N,N,N,N,N,N,N,N,N,N,N,N
prv1_zoom,0x00-00-02-00-00-00-00-01,,N,N,Y,Y,N,N,N,N,N,N,N,N,N,,N,N,N,,N,,N,N,N,N,Y,Y,N,Y,Y,,Y,Y,Y,Y,N,N,N,N,N,N,N,,N,N,N,N,,N,,,,N,,,,,,,,,N,N,N,N,N,N,N,N,N,N,N,N,N,N,N,N,N,N,N,N,N,N,N,N,N,N,N,N,N,N,N,N,N,N,N,N,N,N,N,N,N,N,,N,N,N,N,N,N,N,N,N,N,N,N,N,N
prv2_zoom,0x00-00-03-00-00-00-00-01,,N,N,Y,Y,N,N,N,N,N,N,N,N,N,,N,N,N,,N,,N,N,N,N,Y,Y,N,Y,Y,,Y,Y,Y,Y,N,N,N,N,N,N,N,,N,N,N,N,,N,,,,N,,,,,,,,,N,N,N,N,N,N,N,N,N,N,N,N,N,N,N,N,N,N,N,N,N,N,N,N,N,N,N,N,N,N,N,N,N,N,N,N,N,N,N,N,N,N,,N,N,N,N,N,N,N,N,N,N,N,N,N,N
prv3_zoom,0x00-00-04-00-00-00-00-01,,N,N,Y,Y,N,N,N,N,N,N,N,N,N,,N,N,N,,N,,N,N,N,N,Y,Y,N,Y,Y,,Y,Y,Y,Y,N,N,N,N,N,N,N,,N,N,N,N,,N,,,,N,,,,,,,,,N,N,N,N,N,N,N,N,N,N,N,N,N,N,N,N,N,N,N,N,N,N,N,N,N,N,N,N,N,N,N,N,N,N,N,N,N,N,N,N,N,N,,N,N,N,N,N,N,N,N,N,N,N,N,N,N
cap0_zoom,0x00-00-05-00-00-00-00-01,N,N,N,N,N,N,,N,N,N,N,N,N,N,N,N,N,N,N,N,N,N,N,N,N,N,N,N,N,N,,N,N,Y,Y,N,N,N,N,N,N,N,,N,N,N,N,N,N,,,,N,,N,,,,,,,N,N,N,N,N,N,N,N,N,N,N,N,N,N,,,,,,,,,,,,,,,,,,N,N,N,N,N,N,N,N,N,,,,N,N,N,,N,N,N,N,N,N,N,N,N,N
cap1_zoom,0x00-00-06-00-00-00-00-01,N,N,N,N,N,N,,N,N,N,N,N,N,N,N,N,N,N,N,N,N,N,N,N,N,N,N,N,N,N,,N,N,Y,Y,N,N,N,N,N,N,N,,N,N,N,N,N,N,,,,N,,N,,,,,,,N,N,N,N,N,N,N,N,N,N,N,N,N,N,,,,,,,,,,,,,,,,,,N,N,N,N,N,N,N,N,N,,,,N,N,N,,N,N,N,N,N,N,N,N,N,N
cap2_zoom,0x00-00-07-00-00-00-00-01,N,N,N,N,N,N,,N,N,N,N,N,N,N,N,N,N,N,N,N,N,N,N,N,N,N,N,N,N,N,,N,N,Y,Y,N,N,N,N,N,N,N,,N,N,N,N,N,N,,,,N,,N,,,,,,,N,N,N,N,N,N,N,N,N,N,N,N,N,N,,,,,,,,,,,,,,,,,,N,N,N,N,N,N,N,N,N,,,,N,N,N,,N,N,N,N,N,N,N,N,N,N
cap3_zoom,0x00-00-08-00-00-00-00-01,N,N,N,N,N,N,,N,N,N,N,N,N,N,N,N,N,N,N,N,N,N,N,N,N,N,N,N,N,N,,N,N,Y,Y,N,N,N,N,N,N,N,,N,N,N,N,N,N,,,,N,,N,,,,,,,N,N,N,N,N,N,N,N,N,N,N,N,N,N,,,,,,,,,,,,,,,,,,N,N,N,N,N,N,N,N,N,,,,N,N,N,,N,N,N,N,N,N,N,N,N,N
prv0_zoom2x,0x00-00-01-00-00-00-00-02,,N,N,Y,Y,N,N,N,N,N,N,N,N,N,,N,N,N,,N,,N,N,N,N,Y,Y,N,Y,Y,,Y,Y,Y,Y,N,N,N,N,N,N,N,,N,N,N,N,,N,,,,N,,,,,,,,,N,N,N,N,N,N,N,N,N,N,N,N,N,N,N,N,N,N,N,N,N,N,N,N,N,N,N,N,N,N,N,N,N,N,N,N,N,N,N,N,N,N,,N,N,N,N,N,N,N,N,N,N,N,N,N,N
prv1_zoom2x,0x00-00-02-00-00-00-00-02,,N,N,Y,Y,N,N,N,N,N,N,N,N,N,,N,N,N,,N,,N,N,N,N,Y,Y,N,Y,Y,,Y,Y,Y,Y,N,N,N,N,N,N,N,,N,N,N,N,,N,,,,N,,,,,,,,,N,N,N,N,N,N,N,N,N,N,N,N,N,N,N,N,N,N,N,N,N,N,N,N,N,N,N,N,N,N,N,N,N,N,N,N,N,N,N,N,N,N,,N,N,N,N,N,N,N,N,N,N,N,N,N,N
prv2_zoom2x,0x00-00-03-00-00-00-00-02,,N,N,Y,Y,N,N,N,N,N,N,N,N,N,,N,N,N,,N,,N,N,N,N,Y,Y,N,Y,Y,,Y,Y,Y,Y,N,N,N,N,N,N,N,,N,N,N,N,,N,,,,N,,,,,,,,,N,N,N,N,N,N,N,N,N,N,N,N,N,N,N,N,N,N,N,N,N,N,N,N,N,N,N,N,N,N,N,N,N,N,N,N,N,N,N,N,N,N,,N,N,N,N,N,N,N,N,N,N,N,N,N,N
prv3_zoom2x,0x00-00-04-00-00-00-00-02,,N,N,Y,Y,N,N,N,N,N,N,N,N,N,,N,N,N,,N,,N,N,N,N,Y,Y,N,Y,Y,,Y,Y,Y,Y,N,N,N,N,N,N,N,,N,N,N,N,,N,,,,N,,,,,,,,,N,N,N,N,N,N,N,N,N,N,N,N,N,N,N,N,N,N,N,N,N,N,N,N,N,N,N,N,N,N,N,N,N,N,N,N,N,N,N,N,N,N,,N,N,N,N,N,N,N,N,N,N,N,N,N,N
cap0_zoom2x,0x00-00-05-00-00-00-00-02,N,N,N,N,N,N,,N,N,N,N,N,N,N,N,N,N,N,N,N,N,N,N,N,N,N,N,N,N,N,,N,N,Y,Y,N,N,N,N,N,N,N,,N,N,N,N,N,N,,,,N,,N,,,,,,,N,N,N,N,N,N,N,N,N,N,N,N,N,N,,,,,,,,,,,,,,,,,,N,N,N,N,N,N,N,N,N,,,,N,N,N,,N,N,N,N,N,N,N,N,N,N
cap1_zoom2x,0x00-00-06-00-00-00-00-02,N,N,N,N,N,N,,N,N,N,N,N,N,N,N,N,N,N,N,N,N,N,N,N,N,N,N,N,N,N,,N,N,Y,Y,N,N,N,N,N,N,N,,N,N,N,N,N,N,,,,N,,N,,,,,,,N,N,N,N,N,N,N,N,N,N,N,N,N,N,,,,,,,,,,,,,,,,,,N,N,N,N,N,N,N,N,N,,,,N,N,N,,N,N,N,N,N,N,N,N,N,N
cap2_zoom2x,0x00-00-07-00-00-00-00-02,N,N,N,N,N,N,,N,N,N,N,N,N,N,N,N,N,N,N,N,N,N,N,N,N,N,N,N,N,N,,N,N,Y,Y,N,N,N,N,N,N,N,,N,N,N,N,N,N,,,,N,,N,,,,,,,N,N,N,N,N,N,N,N,N,N,N,N,N,N,,,,,,,,,,,,,,,,,,N,N,N,N,N,N,N,N,N,,,,N,N,N,,N,N,N,N,N,N,N,N,N,N
cap3_zoom2x,0x00-00-08-00-00-00-00-02,N,N,N,N,N,N,,N,N,N,N,N,N,N,N,N,N,N,N,N,N,N,N,N,N,N,N,N,N,N,,N,N,Y,Y,N,N,N,N,N,N,N,,N,N,N,N,N,N,,,,N,,N,,,,,,,N,N,N,N,N,N,N,N,N,N,N,N,N,N,,,,,,,,,,,,,,,,,,N,N,N,N,N,N,N,N,N,,,,N,N,N,,N,N,N,N,N,N,N,N,N,N
prv0_zoom4x,0x00-00-01-00-00-00-00-03,,N,N,Y,Y,N,N,N,N,N,N,N,N,N,,N,N,N,,N,,N,N,N,N,Y,Y,N,Y,Y,,Y,Y,Y,Y,N,N,N,N,N,N,N,,N,N,N,N,,N,,,,N,,,,,,,,,N,N,N,N,N,N,N,N,N,N,N,N,N,N,N,N,N,N,N,N,N,N,N,N,N,N,N,N,N,N,N,N,N,N,N,N,N,N,N,N,N,N,,N,N,N,N,N,N,N,N,N,N,N,N,N,N
prv1_zoom4x,0x00-00-02-00-00-00-00-03,,N,N,Y,Y,N,N,N,N,N,N,N,N,N,,N,N,N,,N,,N,N,N,N,Y,Y,N,Y,Y,,Y,Y,Y,Y,N,N,N,N,N,N,N,,N,N,N,N,,N,,,,N,,,,,,,,,N,N,N,N,N,N,N,N,N,N,N,N,N,N,N,N,N,N,N,N,N,N,N,N,N,N,N,N,N,N,N,N,N,N,N,N,N,N,N,N,N,N,,N,N,N,N,N,N,N,N,N,N,N,N,N,N
prv2_zoom4x,0x00-00-03-00-00-00-00-03,,N,N,Y,Y,N,N,N,N,N,N,N,N,N,,N,N,N,,N,,N,N,N,N,Y,Y,N,Y,Y,,Y,Y,Y,Y,N,N,N,N,N,N,N,,N,N,N,N,,N,,,,N,,,,,,,,,N,N,N,N,N,N,N,N,N,N,N,N,N,N,N,N,N,N,N,N,N,N,N,N,N,N,N,N,N,N,N,N,N,N,N,N,N,N,N,N,N,N,,N,N,N,N,N,N,N,N,N,N,N,N,N,N
prv3_zoom4x,0x00-00-04-00-00-00-00-03,,N,N,Y,Y,N,N,N,N,N,N,N,N,N,,N,N,N,,N,,N,N,N,N,Y,Y,N,Y,Y,,Y,Y,Y,Y,N,N,N,N,N,N,N,,N,N,N,N,,N,,,,N,,,,,,,,,N,N,N,N,N,N,N,N,N,N,N,N,N,N,N,N,N,N,N,N,N,N,N,N,N,N,N,N,N,N,N,N,N,N,N,N,N,N,N,N,N,N,,N,N,N,N,N,N,N,N,N,N,N,N,N,N
cap0_zoom4x,0x00-00-05-00-00-00-00-03,N,N,N,N,N,N,,N,N,N,N,N,N,N,N,N,N,N,N,N,N,N,N,N,N,N,N,N,N,N,,N,N,Y,Y,N,N,N,N,N,N,N,,N,N,N,N,N,N,,,,N,,N,,,,,,,N,N,N,N,N,N,N,N,N,N,N,N,N,N,,,,,,,,,,,,,,,,,,N,N,N,N,N,N,N,N,N,,,,N,N,N,,N,N,N,N,N,N,N,N,N,N
cap1_zoom4x,0x00-00-06-00-00-00-00-03,N,N,N,N,N,N,,N,N,N,N,N,N,N,N,N,N,N,N,N,N,N,N,N,N,N,N,N,N,N,,N,N,Y,Y,N,N,N,N,N,N,N,,N,N,N,N,N,N,,,,N,,N,,,,,,,N,N,N,N,N,N,N,N,N,N,N,N,N,N,,,,,,,,,,,,,,,,,,N,N,N,N,N,N,N,N,N,,,,N,N,N,,N,N,N,N,N,N,N,N,N,N
cap2_zoom4x,0x00-00-07-00-00-00-00-03,N,N,N,N,N,N,,N,N,N,N,N,N,N,N,N,N,N,N,N,N,N,N,N,N,N,N,N,N,N,,N,N,Y,Y,N,N,N,N,N,N,N,,N,N,N,N,N,N,,,,N,,N,,,,,,,N,N,N,N,N,N,N,N,N,N,N,N,N,N,,,,,,,,,,,,,,,,,,N,N,N,N,N,N,N,N,N,,,,N,N,N,,N,N,N,N,N,N,N,N,N,N
cap3_zoom4x,0x00-00-08-00-00-00-00-03,N,N,N,N,N,N,,N,N,N,N,N,N,N,N,N,N,N,N,N,N,N,N,N,N,N,N,N,N,N,,N,N,Y,Y,N,N,N,N,N,N,N,,N,N,N,N,N,N,,,,N,,N,,,,,,,N,N,N,N,N,N,N,N,N,N,N,N,N,N,,,,,,,,,,,,,,,,,,N,N,N,N,N,N,N,N,N,,,,N,N,N,,N,N,N,N,N,N,N,N,N,N
prv0_zoom6x,0x00-00-01-00-00-00-00-04,,N,N,Y,Y,N,N,N,N,N,N,N,N,N,,N,N,N,,N,,N,N,N,N,Y,Y,N,Y,Y,,Y,Y,Y,Y,N,N,N,N,N,N,N,,N,N,N,N,,N,,,,N,,,,,,,,,N,N,N,N,N,N,N,N,N,N,N,N,N,N,N,N,N,N,N,N,N,N,N,N,N,N,N,N,N,N,N,N,N,N,N,N,N,N,N,N,N,N,,N,N,N,N,N,N,N,N,N,N,N,N,N,N
prv1_zoom6x,0x00-00-02-00-00-00-00-04,,N,N,Y,Y,N,N,N,N,N,N,N,N,N,,N,N,N,,N,,N,N,N,N,Y,Y,N,Y,Y,,Y,Y,Y,Y,N,N,N,N,N,N,N,,N,N,N,N,,N,,,,N,,,,,,,,,N,N,N,N,N,N,N,N,N,N,N,N,N,N,N,N,N,N,N,N,N,N,N,N,N,N,N,N,N,N,N,N,N,N,N,N,N,N,N,N,N,N,,N,N,N,N,N,N,N,N,N,N,N,N,N,N
prv2_zoom6x,0x00-00-03-00-00-00-00-04,,N,N,Y,Y,N,N,N,N,N,N,N,N,N,,N,N,N,,N,,N,N,N,N,Y,Y,N,Y,Y,,Y,Y,Y,Y,N,N,N,N,N,N,N,,N,N,N,N,,N,,,,N,,,,,,,,,N,N,N,N,N,N,N,N,N,N,N,N,N,N,N,N,N,N,N,N,N,N,N,N,N,N,N,N,N,N,N,N,N,N,N,N,N,N,N,N,N,N,,N,N,N,N,N,N,N,N,N,N,N,N,N,N
prv3_zoom6x,0x00-00-04-00-00-00-00-04,,N,N,Y,Y,N,N,N,N,N,N,N,N,N,,N,N,N,,N,,N,N,N,N,Y,Y,N,Y,Y,,Y,Y,Y,Y,N,N,N,N,N,N,N,,N,N,N,N,,N,,,,N,,,,,,,,,N,N,N,N,N,N,N,N,N,N,N,N,N,N,N,N,N,N,N,N,N,N,N,N,N,N,N,N,N,N,N,N,N,N,N,N,N,N,N,N,N,N,,N,N,N,N,N,N,N,N,N,N,N,N,N,N
cap0_zoom6x,0x00-00-05-00-00-00-00-04,N,N,N,N,N,N,,N,N,N,N,N,N,N,N,N,N,N,N,N,N,N,N,N,N,N,N,N,N,N,,N,N,Y,Y,N,N,N,N,N,N,N,,N,N,N,N,N,N,,,,N,,N,,,,,,,N,N,N,N,N,N,N,N,N,N,N,N,N,N,,,,,,,,,,,,,,,,,,N,N,N,N,N,N,N,N,N,,,,N,N,N,,N,N,N,N,N,N,N,N,N,N
cap1_zoom6x,0x00-00-06-00-00-00-00-04,N,N,N,N,N,N,,N,N,N,N,N,N,N,N,N,N,N,N,N,N,N,N,N,N,N,N,N,N,N,,N,N,Y,Y,N,N,N,N,N,N,N,,N,N,N,N,N,N,,,,N,,N,,,,,,,N,N,N,N,N,N,N,N,N,N,N,N,N,N,,,,,,,,,,,,,,,,,,N,N,N,N,N,N,N,N,N,,,,N,N,N,,N,N,N,N,N,N,N,N,N,N
cap2_zoom6x,0x00-00-07-00-00-00-00-04,N,N,N,N,N,N,,N,N,N,N,N,N,N,N,N,N,N,N,N,N,N,N,N,N,N,N,N,N,N,,N,N,Y,Y,N,N,N,N,N,N,N,,N,N,N,N,N,N,,,,N,,N,,,,,,,N,N,N,N,N,N,N,N,N,N,N,N,N,N,,,,,,,,,,,,,,,,,,N,N,N,N,N,N,N,N,N,,,,N,N,N,,N,N,N,N,N,N,N,N,N,N
cap3_zoom6x,0x00-00-08-00-00-00-00-04,N,N,N,N,N,N,,N,N,N,N,N,N,N,N,N,N,N,N,N,N,N,N,N,N,N,N,N,N,N,,N,N,Y,Y,N,N,N,N,N,N,N,,N,N,N,N,N,N,,,,N,,N,,,,,,,N,N,N,N,N,N,N,N,N,N,N,N,N,N,,,,,,,,,,,,,,,,,,N,N,N,N,N,N,N,N,N,,,,N,N,N,,N,N,N,N,N,N,N,N,N,N
prv0_zoom8x,0x00-00-01-00-00-00-00-05,,N,N,Y,Y,N,N,N,N,N,N,N,N,N,,N,N,N,,N,,N,N,N,N,Y,Y,N,Y,Y,,Y,Y,Y,Y,N,N,N,N,N,N,N,,N,N,N,N,,N,,,,N,,,,,,,,,N,N,N,N,N,N,N,N,N,N,N,N,N,N,N,N,N,N,N,N,N,N,N,N,N,N,N,N,N,N,N,N,N,N,N,N,N,N,N,N,N,N,,N,N,N,N,N,N,N,N,N,N,N,N,N,N
prv1_zoom8x,0x00-00-02-00-00-00-00-05,,N,N,Y,Y,N,N,N,N,N,N,N,N,N,,N,N,N,,N,,N,N,N,N,Y,Y,N,Y,Y,,Y,Y,Y,Y,N,N,N,N,N,N,N,,N,N,N,N,,N,,,,N,,,,,,,,,N,N,N,N,N,N,N,N,N,N,N,N,N,N,N,N,N,N,N,N,N,N,N,N,N,N,N,N,N,N,N,N,N,N,N,N,N,N,N,N,N,N,,N,N,N,N,N,N,N,N,N,N,N,N,N,N
prv2_zoom8x,0x00-00-03-00-00-00-00-05,,N,N,Y,Y,N,N,N,N,N,N,N,N,N,,N,N,N,,N,,N,N,N,N,Y,Y,N,Y,Y,,Y,Y,Y,Y,N,N,N,N,N,N,N,,N,N,N,N,,N,,,,N,,,,,,,,,N,N,N,N,N,N,N,N,N,N,N,N,N,N,N,N,N,N,N,N,N,N,N,N,N,N,N,N,N,N,N,N,N,N,N,N,N,N,N,N,N,N,,N,N,N,N,N,N,N,N,N,N,N,N,N,N
prv3_zoom8x,0x00-00-04-00-00-00-00-05,,N,N,Y,Y,N,N,N,N,N,N,N,N,N,,N,N,N,,N,,N,N,N,N,Y,Y,N,Y,Y,,Y,Y,Y,Y,N,N,N,N,N,N,N,,N,N,N,N,,N,,,,N,,,,,,,,,N,N,N,N,N,N,N,N,N,N,N,N,N,N,N,N,N,N,N,N,N,N,N,N,N,N,N,N,N,N,N,N,N,N,N,N,N,N,N,N,N,N,,N,N,N,N,N,N,N,N,N,N,N,N,N,N
cap0_zoom8x,0x00-00-05-00-00-00-00-05,N,N,N,N,N,N,,N,N,N,N,N,N,N,N,N,N,N,N,N,N,N,N,N,N,N,N,N,N,N,,N,N,Y,Y,N,N,N,N,N,N,N,,N,N,N,N,N,N,,,,N,,N,,,,,,,N,N,N,N,N,N,N,N,N,N,N,N,N,N,,,,,,,,,,,,,,,,,,N,N,N,N,N,N,N,N,N,,,,N,N,N,,N,N,N,N,N,N,N,N,N,N
cap1_zoom8x,0x00-00-06-00-00-00-00-05,N,N,N,N,N,N,,N,N,N,N,N,N,N,N,N,N,N,N,N,N,N,N,N,N,N,N,N,N,N,,N,N,Y,Y,N,N,N,N,N,N,N,,N,N,N,N,N,N,,,,N,,N,,,,,,,N,N,N,N,N,N,N,N,N,N,N,N,N,N,,,,,,,,,,,,,,,,,,N,N,N,N,N,N,N,N,N,,,,N,N,N,,N,N,N,N,N,N,N,N,N,N
cap2_zoom8x,0x00-00-07-00-00-00-00-05,N,N,N,N,N,N,,N,N,N,N,N,N,N,N,N,N,N,N,N,N,N,N,N,N,N,N,N,N,N,,N,N,Y,Y,N,N,N,N,N,N,N,,N,N,N,N,N,N,,,,N,,N,,,,,,,N,N,N,N,N,N,N,N,N,N,N,N,N,N,,,,,,,,,,,,,,,,,,N,N,N,N,N,N,N,N,N,,,,N,N,N,,N,N,N,N,N,N,N,N,N,N
cap3_zoom8x,0x00-00-08-00-00-00-00-05,N,N,N,N,N,N,,N,N,N,N,N,N,N,N,N,N,N,N,N,N,N,N,N,N,N,N,N,N,N,,N,N,Y,Y,N,N,N,N,N,N,N,,N,N,N,N,N,N,,,,N,,N,,,,,,,N,N,N,N,N,N,N,N,N,N,N,N,N,N,,,,,,,,,,,,,,,,,,N,N,N,N,N,N,N,N,N,,,,N,N,N,,N,N,N,N,N,N,N,N,N,N
prv0_zoom10x,0x00-00-01-00-00-00-00-06,,N,N,Y,Y,N,N,N,N,N,N,N,N,N,,N,N,N,,N,,N,N,N,N,Y,Y,N,Y,Y,,Y,Y,Y,Y,N,N,N,N,N,N,N,,N,N,N,N,,N,,,,N,,,,,,,,,N,N,N,N,N,N,N,N,N,N,N,N,N,N,N,N,N,N,N,N,N,N,N,N,N,N,N,N,N,N,N,N,N,N,N,N,N,N,N,N,N,N,,N,N,N,N,N,N,N,N,N,N,N,N,N,N
prv1_zoom10x,0x00-00-02-00-00-00-00-06,,N,N,Y,Y,N,N,N,N,N,N,N,N,N,,N,N,N,,N,,N,N,N,N,Y,Y,N,Y,Y,,Y,Y,Y,Y,N,N,N,N,N,N,N,,N,N,N,N,,N,,,,N,,,,,,,,,N,N,N,N,N,N,N,N,N,N,N,N,N,N,N,N,N,N,N,N,N,N,N,N,N,N,N,N,N,N,N,N,N,N,N,N,N,N,N,N,N,N,,N,N,N,N,N,N,N,N,N,N,N,N,N,N
prv2_zoom10x,0x00-00-03-00-00-00-00-06,,N,N,Y,Y,N,N,N,N,N,N,N,N,N,,N,N,N,,N,,N,N,N,N,Y,Y,N,Y,Y,,Y,Y,Y,Y,N,N,N,N,N,N,N,,N,N,N,N,,N,,,,N,,,,,,,,,N,N,N,N,N,N,N,N,N,N,N,N,N,N,N,N,N,N,N,N,N,N,N,N,N,N,N,N,N,N,N,N,N,N,N,N,N,N,N,N,N,N,,N,N,N,N,N,N,N,N,N,N,N,N,N,N
prv3_zoom10x,0x00-00-04-00-00-00-00-06,,N,N,Y,Y,N,N,N,N,N,N,N,N,N,,N,N,N,,N,,N,N,N,N,Y,Y,N,Y,Y,,Y,Y,Y,Y,N,N,N,N,N,N,N,,N,N,N,N,,N,,,,N,,,,,,,,,N,N,N,N,N,N,N,N,N,N,N,N,N,N,N,N,N,N,N,N,N,N,N,N,N,N,N,N,N,N,N,N,N,N,N,N,N,N,N,N,N,N,,N,N,N,N,N,N,N,N,N,N,N,N,N,N
cap0_zoom10x,0x00-00-05-00-00-00-00-06,N,N,N,N,N,N,,N,N,N,N,N,N,N,N,N,N,N,N,N,N,N,N,N,N,N,N,N,N,N,,N,N,Y,Y,N,N,N,N,N,N,N,,N,N,N,N,N,N,,,,N,,N,,,,,,,N,N,N,N,N,N,N,N,N,N,N,N,N,N,,,,,,,,,,,,,,,,,,N,N,N,N,N,N,N,N,N,,,,N,N,N,,N,N,N,N,N,N,N,N,N,N
cap1_zoom10x,0x00-00-06-00-00-00-00-06,N,N,N,N,N,N,,N,N,N,N,N,N,N,N,N,N,N,N,N,N,N,N,N,N,N,N,N,N,N,,N,N,Y,Y,N,N,N,N,N,N,N,,N,N,N,N,N,N,,,,N,,N,,,,,,,N,N,N,N,N,N,N,N,N,N,N,N,N,N,,,,,,,,,,,,,,,,,,N,N,N,N,N,N,N,N,N,,,,N,N,N,,N,N,N,N,N,N,N,N,N,N
cap2_zoom10x,0x00-00-07-00-00-00-00-06,N,N,N,N,N,N,,N,N,N,N,N,N,N,N,N,N,N,N,N,N,N,N,N,N,N,N,N,N,N,,N,N,Y,Y,N,N,N,N,N,N,N,,N,N,N,N,N,N,,,,N,,N,,,,,,,N,N,N,N,N,N,N,N,N,N,N,N,N,N,,,,,,,,,,,,,,,,,,N,N,N,N,N,N,N,N,N,,,,N,N,N,,N,N,N,N,N,N,N,N,N,N
cap3_zoom10x,0x00-00-08-00-00-00-00-06,N,N,N,N,N,N,,N,N,N,N,N,N,N,N,N,N,N,N,N,N,N,N,N,N,N,N,N,N,N,,N,N,Y,Y,N,N,N,N,N,N,N,,N,N,N,N,N,N,,,,N,,N,,,,,,,N,N,N,N,N,N,N,N,N,N,N,N,N,N,,,,,,,,,,,,,,,,,,N,N,N,N,N,N,N,N,N,,,,N,N,N,,N,N,N,N,N,N,N,N,N,N
prv0_face_zoom,0x00-00-01-00-00-01-00-01,,N,N,Y,Y,N,N,N,N,N,N,N,N,N,,N,N,N,,N,,N,N,N,N,Y,Y,N,Y,Y,,Y,Y,Y,Y,N,N,N,N,N,N,N,,N,N,N,N,,N,,,,N,,,,,,,,,N,N,N,N,N,N,N,N,N,N,N,N,N,N,N,N,N,N,N,N,N,N,N,N,N,N,N,N,N,N,N,N,N,N,N,N,N,N,N,N,N,N,,N,N,N,N,N,N,N,N,N,N,N,N,N,N
prv1_face_zoom,0x00-00-02-00-00-01-00-01,,N,N,Y,Y,N,N,N,N,N,N,N,N,N,,N,N,N,,N,,N,N,N,N,Y,Y,N,Y,Y,,Y,Y,Y,Y,N,N,N,N,N,N,N,,N,N,N,N,,N,,,,N,,,,,,,,,N,N,N,N,N,N,N,N,N,N,N,N,N,N,N,N,N,N,N,N,N,N,N,N,N,N,N,N,N,N,N,N,N,N,N,N,N,N,N,N,N,N,,N,N,N,N,N,N,N,N,N,N,N,N,N,N
prv2_face_zoom,0x00-00-03-00-00-01-00-01,,N,N,Y,Y,N,N,N,N,N,N,N,N,N,,N,N,N,,N,,N,N,N,N,Y,Y,N,Y,Y,,Y,Y,Y,Y,N,N,N,N,N,N,N,,N,N,N,N,,N,,,,N,,,,,,,,,N,N,N,N,N,N,N,N,N,N,N,N,N,N,N,N,N,N,N,N,N,N,N,N,N,N,N,N,N,N,N,N,N,N,N,N,N,N,N,N,N,N,,N,N,N,N,N,N,N,N,N,N,N,N,N,N
prv3_face_zoom,0x00-00-04-00-00-01-00-01,,N,N,Y,Y,N,N,N,N,N,N,N,N,N,,N,N,N,,N,,N,N,N,N,Y,Y,N,Y,Y,,Y,Y,Y,Y,N,N,N,N,N,N,N,,N,N,N,N,,N,,,,N,,,,,,,,,N,N,N,N,N,N,N,N,N,N,N,N,N,N,N,N,N,N,N,N,N,N,N,N,N,N,N,N,N,N,N,N,N,N,N,N,N,N,N,N,N,N,,N,N,N,N,N,N,N,N,N,N,N,N,N,N
cap0_face_zoom,0x00-00-05-00-00-01-00-01,N,N,N,N,N,N,,N,N,N,N,N,N,N,N,N,N,N,N,N,N,N,N,N,N,N,N,N,N,N,,N,N,Y,Y,N,N,N,N,N,N,N,,N,N,N,N,N,N,,,,N,,N,,,,,,,N,N,N,N,N,N,N,N,N,N,N,N,N,N,,,,,,,,,,,,,,,,,,N,N,N,N,N,N,N,N,N,,,,N,N,N,,N,N,N,N,N,N,N,N,N,N
cap1_face_zoom,0x00-00-06-00-00-01-00-01,N,N,N,N,N,N,,N,N,N,N,N,N,N,N,N,N,N,N,N,N,N,N,N,N,N,N,N,N,N,,N,N,Y,Y,N,N,N,N,N,N,N,,N,N,N,N,N,N,,,,N,,N,,,,,,,N,N,N,N,N,N,N,N,N,N,N,N,N,N,,,,,,,,,,,,,,,,,,N,N,N,N,N,N,N,N,N,,,,N,N,N,,N,N,N,N,N,N,N,N,N,N
cap2_face_zoom,0x00-00-07-00-00-01-00-01,N,N,N,N,N,N,,N,N,N,N,N,N,N,N,N,N,N,N,N,N,N,N,N,N,N,N,N,N,N,,N,N,Y,Y,N,N,N,N,N,N,N,,N,N,N,N,N,N,,,,N,,N,,,,,,,N,N,N,N,N,N,N,N,N,N,N,N,N,N,,,,,,,,,,,,,,,,,,N,N,N,N,N,N,N,N,N,,,,N,N,N,,N,N,N,N,N,N,N,N,N,N
cap3_face_zoom,0x00-00-08-00-00-01-00-01,N,N,N,N,N,N,,N,N,N,N,N,N,N,N,N,N,N,N,N,N,N,N,N,N,N,N,N,N,N,,N,N,Y,Y,N,N,N,N,N,N,N,,N,N,N,N,N,N,,,,N,,N,,,,,,,N,N,N,N,N,N,N,N,N,N,N,N,N,N,,,,,,,,,,,,,,,,,,N,N,N,N,N,N,N,N,N,,,,N,N,N,,N,N,N,N,N,N,N,N,N,N
prv0_face_zoom2x,0x00-00-01-00-00-01-00-02,,N,N,Y,Y,N,N,N,N,N,N,N,N,N,,N,N,N,,N,,N,N,N,N,Y,Y,N,Y,Y,,Y,Y,Y,Y,N,N,N,N,N,N,N,,N,N,N,N,,N,,,,N,,,,,,,,,N,N,N,N,N,N,N,N,N,N,N,N,N,N,N,N,N,N,N,N,N,N,N,N,N,N,N,N,N,N,N,N,N,N,N,N,N,N,N,N,N,N,,N,N,N,N,N,N,N,N,N,N,N,N,N,N
prv1_face_zoom2x,0x00-00-02-00-00-01-00-02,,N,N,Y,Y,N,N,N,N,N,N,N,N,N,,N,N,N,,N,,N,N,N,N,Y,Y,N,Y,Y,,Y,Y,Y,Y,N,N,N,N,N,N,N,,N,N,N,N,,N,,,,N,,,,,,,,,N,N,N,N,N,N,N,N,N,N,N,N,N,N,N,N,N,N,N,N,N,N,N,N,N,N,N,N,N,N,N,N,N,N,N,N,N,N,N,N,N,N,,N,N,N,N,N,N,N,N,N,N,N,N,N,N
prv2_face_zoom2x,0x00-00-03-00-00-01-00-02,,N,N,Y,Y,N,N,N,N,N,N,N,N,N,,N,N,N,,N,,N,N,N,N,Y,Y,N,Y,Y,,Y,Y,Y,Y,N,N,N,N,N,N,N,,N,N,N,N,,N,,,,N,,,,,,,,,N,N,N,N,N,N,N,N,N,N,N,N,N,N,N,N,N,N,N,N,N,N,N,N,N,N,N,N,N,N,N,N,N,N,N,N,N,N,N,N,N,N,,N,N,N,N,N,N,N,N,N,N,N,N,N,N
prv3_face_zoom2x,0x00-00-04-00-00-01-00-02,,N,N,Y,Y,N,N,N,N,N,N,N,N,N,,N,N,N,,N,,N,N,N,N,Y,Y,N,Y,Y,,Y,Y,Y,Y,N,N,N,N,N,N,N,,N,N,N,N,,N,,,,N,,,,,,,,,N,N,N,N,N,N,N,N,N,N,N,N,N,N,N,N,N,N,N,N,N,N,N,N,N,N,N,N,N,N,N,N,N,N,N,N,N,N,N,N,N,N,,N,N,N,N,N,N,N,N,N,N,N,N,N,N
cap0_face_zoom2x,0x00-00-05-00-00-01-00-02,N,N,N,N,N,N,,N,N,N,N,N,N,N,N,N,N,N,N,N,N,N,N,N,N,N,N,N,N,N,,N,N,Y,Y,N,N,N,N,N,N,N,,N,N,N,N,N,N,,,,N,,N,,,,,,,N,N,N,N,N,N,N,N,N,N,N,N,N,N,,,,,,,,,,,,,,,,,,N,N,N,N,N,N,N,N,N,,,,N,N,N,,N,N,N,N,N,N,N,N,N,N
cap1_face_zoom2x,0x00-00-06-00-00-01-00-02,N,N,N,N,N,N,,N,N,N,N,N,N,N,N,N,N,N,N,N,N,N,N,N,N,N,N,N,N,N,,N,N,Y,Y,N,N,N,N,N,N,N,,N,N,N,N,N,N,,,,N,,N,,,,,,,N,N,N,N,N,N,N,N,N,N,N,N,N,N,,,,,,,,,,,,,,,,,,N,N,N,N,N,N,N,N,N,,,,N,N,N,,N,N,N,N,N,N,N,N,N,N
cap2_face_zoom2x,0x00-00-07-00-00-01-00-02,N,N,N,N,N,N,,N,N,N,N,N,N,N,N,N,N,N,N,N,N,N,N,N,N,N,N,N,N,N,,N,N,Y,Y,N,N,N,N,N,N,N,,N,N,N,N,N,N,,,,N,,N,,,,,,,N,N,N,N,N,N,N,N,N,N,N,N,N,N,,,,,,,,,,,,,,,,,,N,N,N,N,N,N,N,N,N,,,,N,N,N,,N,N,N,N,N,N,N,N,N,N
cap3_face_zoom2x,0x00-00-08-00-00-01-00-02,N,N,N,N,N,N,,N,N,N,N,N,N,N,N,N,N,N,N,N,N,N,N,N,N,N,N,N,N,N,,N,N,Y,Y,N,N,N,N,N,N,N,,N,N,N,N,N,N,,,,N,,N,,,,,,,N,N,N,N,N,N,N,N,N,N,N,N,N,N,,,,,,,,,,,,,,,,,,N,N,N,N,N,N,N,N,N,,,,N,N,N,,N,N,N,N,N,N,N,N,N,N
prv0_face_zoom4x,0x00-00-01-00-00-01-00-03,,N,N,Y,Y,N,N,N,N,N,N,N,N,N,,N,N,N,,N,,N,N,N,N,Y,Y,N,Y,Y,,Y,Y,Y,Y,N,N,N,N,N,N,N,,N,N,N,N,,N,,,,N,,,,,,,,,N,N,N,N,N,N,N,N,N,N,N,N,N,N,N,N,N,N,N,N,N,N,N,N,N,N,N,N,N,N,N,N,N,N,N,N,N,N,N,N,N,N,,N,N,N,N,N,N,N,N,N,N,N,N,N,N
prv1_face_zoom4x,0x00-00-02-00-00-01-00-03,,N,N,Y,Y,N,N,N,N,N,N,N,N,N,,N,N,N,,N,,N,N,N,N,Y,Y,N,Y,Y,,Y,Y,Y,Y,N,N,N,N,N,N,N,,N,N,N,N,,N,,,,N,,,,,,,,,N,N,N,N,N,N,N,N,N,N,N,N,N,N,N,N,N,N,N,N,N,N,N,N,N,N,N,N,N,N,N,N,N,N,N,N,N,N,N,N,N,N,,N,N,N,N,N,N,N,N,N,N,N,N,N,N
prv2_face_zoom4x,0x00-00-03-00-00-01-00-03,,N,N,Y,Y,N,N,N,N,N,N,N,N,N,,N,N,N,,N,,N,N,N,N,Y,Y,N,Y,Y,,Y,Y,Y,Y,N,N,N,N,N,N,N,,N,N,N,N,,N,,,,N,,,,,,,,,N,N,N,N,N,N,N,N,N,N,N,N,N,N,N,N,N,N,N,N,N,N,N,N,N,N,N,N,N,N,N,N,N,N,N,N,N,N,N,N,N,N,,N,N,N,N,N,N,N,N,N,N,N,N,N,N
prv3_face_zoom4x,0x00-00-04-00-00-01-00-03,,N,N,Y,Y,N,N,N,N,N,N,N,N,N,,N,N,N,,N,,N,N,N,N,Y,Y,N,Y,Y,,Y,Y,Y,Y,N,N,N,N,N,N,N,,N,N,N,N,,N,,,,N,,,,,,,,,N,N,N,N,N,N,N,N,N,N,N,N,N,N,N,N,N,N,N,N,N,N,N,N,N,N,N,N,N,N,N,N,N,N,N,N,N,N,N,N,N,N,,N,N,N,N,N,N,N,N,N,N,N,N,N,N
cap0_face_zoom4x,0x00-00-05-00-00-01-00-03,N,N,N,N,N,N,,N,N,N,N,N,N,N,N,N,N,N,N,N,N,N,N,N,N,N,N,N,N,N,,N,N,Y,Y,N,N,N,N,N,N,N,,N,N,N,N,N,N,,,,N,,N,,,,,,,N,N,N,N,N,N,N,N,N,N,N,N,N,N,,,,,,,,,,,,,,,,,,N,N,N,N,N,N,N,N,N,,,,N,N,N,,N,N,N,N,N,N,N,N,N,N
cap1_face_zoom4x,0x00-00-06-00-00-01-00-03,N,N,N,N,N,N,,N,N,N,N,N,N,N,N,N,N,N,N,N,N,N,N,N,N,N,N,N,N,N,,N,N,Y,Y,N,N,N,N,N,N,N,,N,N,N,N,N,N,,,,N,,N,,,,,,,N,N,N,N,N,N,N,N,N,N,N,N,N,N,,,,,,,,,,,,,,,,,,N,N,N,N,N,N,N,N,N,,,,N,N,N,,N,N,N,N,N,N,N,N,N,N
cap2_face_zoom4x,0x00-00-07-00-00-01-00-03,N,N,N,N,N,N,,N,N,N,N,N,N,N,N,N,N,N,N,N,N,N,N,N,N,N,N,N,N,N,,N,N,Y,Y,N,N,N,N,N,N,N,,N,N,N,N,N,N,,,,N,,N,,,,,,,N,N,N,N,N,N,N,N,N,N,N,N,N,N,,,,,,,,,,,,,,,,,,N,N,N,N,N,N,N,N,N,,,,N,N,N,,N,N,N,N,N,N,N,N,N,N
cap3_face_zoom4x,0x00-00-08-00-00-01-00-03,N,N,N,N,N,N,,N,N,N,N,N,N,N,N,N,N,N,N,N,N,N,N,N,N,N,N,N,N,N,,N,N,Y,Y,N,N,N,N,N,N,N,,N,N,N,N,N,N,,,,N,,N,,,,,,,N,N,N,N,N,N,N,N,N,N,N,N,N,N,,,,,,,,,,,,,,,,,,N,N,N,N,N,N,N,N,N,,,,N,N,N,,N,N,N,N,N,N,N,N,N,N
prv0_face_zoom6x,0x00-00-01-00-00-01-00-04,,N,N,Y,Y,N,N,N,N,N,N,N,N,N,,N,N,N,,N,,N,N,N,N,Y,Y,N,Y,Y,,Y,Y,Y,Y,N,N,N,N,N,N,N,,N,N,N,N,,N,,,,N,,,,,,,,,N,N,N,N,N,N,N,N,N,N,N,N,N,N,N,N,N,N,N,N,N,N,N,N,N,N,N,N,N,N,N,N,N,N,N,N,N,N,N,N,N,N,,N,N,N,N,N,N,N,N,N,N,N,N,N,N
prv1_face_zoom6x,0x00-00-02-00-00-01-00-04,,N,N,Y,Y,N,N,N,N,N,N,N,N,N,,N,N,N,,N,,N,N,N,N,Y,Y,N,Y,Y,,Y,Y,Y,Y,N,N,N,N,N,N,N,,N,N,N,N,,N,,,,N,,,,,,,,,N,N,N,N,N,N,N,N,N,N,N,N,N,N,N,N,N,N,N,N,N,N,N,N,N,N,N,N,N,N,N,N,N,N,N,N,N,N,N,N,N,N,,N,N,N,N,N,N,N,N,N,N,N,N,N,N
prv2_face_zoom6x,0x00-00-03-00-00-01-00-04,,N,N,Y,Y,N,N,N,N,N,N,N,N,N,,N,N,N,,N,,N,N,N,N,Y,Y,N,Y,Y,,Y,Y,Y,Y,N,N,N,N,N,N,N,,N,N,N,N,,N,,,,N,,,,,,,,,N,N,N,N,N,N,N,N,N,N,N,N,N,N,N,N,N,N,N,N,N,N,N,N,N,N,N,N,N,N,N,N,N,N,N,N,N,N,N,N,N,N,,N,N,N,N,N,N,N,N,N,N,N,N,N,N
prv3_face_zoom6x,0x00-00-04-00-00-01-00-04,,N,N,Y,Y,N,N,N,N,N,N,N,N,N,,N,N,N,,N,,N,N,N,N,Y,Y,N,Y,Y,,Y,Y,Y,Y,N,N,N,N,N,N,N,,N,N,N,N,,N,,,,N,,,,,,,,,N,N,N,N,N,N,N,N,N,N,N,N,N,N,N,N,N,N,N,N,N,N,N,N,N,N,N,N,N,N,N,N,N,N,N,N,N,N,N,N,N,N,,N,N,N,N,N,N,N,N,N,N,N,N,N,N
cap0_face_zoom6x,0x00-00-05-00-00-01-00-04,N,N,N,N,N,N,,N,N,N,N,N,N,N,N,N,N,N,N,N,N,N,N,N,N,N,N,N,N,N,,N,N,Y,Y,N,N,N,N,N,N,N,,N,N,N,N,N,N,,,,N,,N,,,,,,,N,N,N,N,N,N,N,N,N,N,N,N,N,N,,,,,,,,,,,,,,,,,,N,N,N,N,N,N,N,N,N,,,,N,N,N,,N,N,N,N,N,N,N,N,N,N
cap1_face_zoom6x,0x00-00-06-00-00-01-00-04,N,N,N,N,N,N,,N,N,N,N,N,N,N,N,N,N,N,N,N,N,N,N,N,N,N,N,N,N,N,,N,N,Y,Y,N,N,N,N,N,N,N,,N,N,N,N,N,N,,,,N,,N,,,,,,,N,N,N,N,N,N,N,N,N,N,N,N,N,N,,,,,,,,,,,,,,,,,,N,N,N,N,N,N,N,N,N,,,,N,N,N,,N,N,N,N,N,N,N,N,N,N
cap2_face_zoom6x,0x00-00-07-00-00-01-00-04,N,N,N,N,N,N,,N,N,N,N,N,N,N,N,N,N,N,N,N,N,N,N,N,N,N,N,N,N,N,,N,N,Y,Y,N,N,N,N,N,N,N,,N,N,N,N,N,N,,,,N,,N,,,,,,,N,N,N,N,N,N,N,N,N,N,N,N,N,N,,,,,,,,,,,,,,,,,,N,N,N,N,N,N,N,N,N,,,,N,N,N,,N,N,N,N,N,N,N,N,N,N
cap3_face_zoom6x,0x00-00-08-00-00-01-00-04,N,N,N,N,N,N,,N,N,N,N,N,N,N,N,N,N,N,N,N,N,N,N,N,N,N,N,N,N,N,,N,N,Y,Y,N,N,N,N,N,N,N,,N,N,N,N,N,N,,,,N,,N,,,,,,,N,N,N,N,N,N,N,N,N,N,N,N,N,N,,,,,,,,,,,,,,,,,,N,N,N,N,N,N,N,N,N,,,,N,N,N,,N,N,N,N,N,N,N,N,N,N
prv0_face_zoom8x,0x00-00-01-00-00-01-00-05,,N,N,Y,Y,N,N,N,N,N,N,N,N,N,,N,N,N,,N,,N,N,N,N,Y,Y,N,Y,Y,,Y,Y,Y,Y,N,N,N,N,N,N,N,,N,N,N,N,,N,,,,N,,,,,,,,,N,N,N,N,N,N,N,N,N,N,N,N,N,N,N,N,N,N,N,N,N,N,N,N,N,N,N,N,N,N,N,N,N,N,N,N,N,N,N,N,N,N,,N,N,N,N,N,N,N,N,N,N,N,N,N,N
prv1_face_zoom8x,0x00-00-02-00-00-01-00-05,,N,N,Y,Y,N,N,N,N,N,N,N,N,N,,N,N,N,,N,,N,N,N,N,Y,Y,N,Y,Y,,Y,Y,Y,Y,N,N,N,N,N,N,N,,N,N,N,N,,N,,,,N,,,,,,,,,N,N,N,N,N,N,N,N,N,N,N,N,N,N,N,N,N,N,N,N,N,N,N,N,N,N,N,N,N,N,N,N,N,N,N,N,N,N,N,N,N,N,,N,N,N,N,N,N,N,N,N,N,N,N,N,N
prv2_face_zoom8x,0x00-00-03-00-00-01-00-05,,N,N,Y,Y,N,N,N,N,N,N,N,N,N,,N,N,N,,N,,N,N,N,N,Y,Y,N,Y,Y,,Y,Y,Y,Y,N,N,N,N,N,N,N,,N,N,N,N,,N,,,,N,,,,,,,,,N,N,N,N,N,N,N,N,N,N,N,N,N,N,N,N,N,N,N,N,N,N,N,N,N,N,N,N,N,N,N,N,N,N,N,N,N,N,N,N,N,N,,N,N,N,N,N,N,N,N,N,N,N,N,N,N
prv3_face_zoom8x,0x00-00-04-00-00-01-00-05,,N,N,Y,Y,N,N,N,N,N,N,N,N,N,,N,N,N,,N,,N,N,N,N,Y,Y,N,Y,Y,,Y,Y,Y,Y,N,N,N,N,N,N,N,,N,N,N,N,,N,,,,N,,,,,,,,,N,N,N,N,N,N,N,N,N,N,N,N,N,N,N,N,N,N,N,N,N,N,N,N,N,N,N,N,N,N,N,N,N,N,N,N,N,N,N,N,N,N,,N,N,N,N,N,N,N,N,N,N,N,N,N,N
cap0_face_zoom8x,0x00-00-05-00-00-01-00-05,N,N,N,N,N,N,,N,N,N,N,N,N,N,N,N,N,N,N,N,N,N,N,N,N,N,N,N,N,N,,N,N,Y,Y,N,N,N,N,N,N,N,,N,N,N,N,N,N,,,,N,,N,,,,,,,N,N,N,N,N,N,N,N,N,N,N,N,N,N,,,,,,,,,,,,,,,,,,N,N,N,N,N,N,N,N,N,,,,N,N,N,,N,N,N,N,N,N,N,N,N,N
cap1_face_zoom8x,0x00-00-06-00-00-01-00-05,N,N,N,N,N,N,,N,N,N,N,N,N,N,N,N,N,N,N,N,N,N,N,N,N,N,N,N,N,N,,N,N,Y,Y,N,N,N,N,N,N,N,,N,N,N,N,N,N,,,,N,,N,,,,,,,N,N,N,N,N,N,N,N,N,N,N,N,N,N,,,,,,,,,,,,,,,,,,N,N,N,N,N,N,N,N,N,,,,N,N,N,,N,N,N,N,N,N,N,N,N,N
cap2_face_zoom8x,0x00-00-07-00-00-01-00-05,N,N,N,N,N,N,,N,N,N,N,N,N,N,N,N,N,N,N,N,N,N,N,N,N,N,N,N,N,N,,N,N,Y,Y,N,N,N,N,N,N,N,,N,N,N,N,N,N,,,,N,,N,,,,,,,N,N,N,N,N,N,N,N,N,N,N,N,N,N,,,,,,,,,,,,,,,,,,N,N,N,N,N,N,N,N,N,,,,N,N,N,,N,N,N,N,N,N,N,N,N,N
cap3_face_zoom8x,0x00-00-08-00-00-01-00-05,N,N,N,N,N,N,,N,N,N,N,N,N,N,N,N,N,N,N,N,N,N,N,N,N,N,N,N,N,N,,N,N,Y,Y,N,N,N,N,N,N,N,,N,N,N,N,N,N,,,,N,,N,,,,,,,N,N,N,N,N,N,N,N,N,N,N,N,N,N,,,,,,,,,,,,,,,,,,N,N,N,N,N,N,N,N,N,,,,N,N,N,,N,N,N,N,N,N,N,N,N,N
prv0_face_zoom10x,0x00-00-01-00-00-01-00-06,,N,N,Y,Y,N,N,N,N,N,N,N,N,N,,N,N,N,,N,,N,N,N,N,Y,Y,N,Y,Y,,Y,Y,Y,Y,N,N,N,N,N,N,N,,N,N,N,N,,N,,,,N,,,,,,,,,N,N,N,N,N,N,N,N,N,N,N,N,N,N,N,N,N,N,N,N,N,N,N,N,N,N,N,N,N,N,N,N,N,N,N,N,N,N,N,N,N,N,,N,N,N,N,N,N,N,N,N,N,N,N,N,N
prv1_face_zoom10x,0x00-00-02-00-00-01-00-06,,N,N,Y,Y,N,N,N,N,N,N,N,N,N,,N,N,N,,N,,N,N,N,N,Y,Y,N,Y,Y,,Y,Y,Y,Y,N,N,N,N,N,N,N,,N,N,N,N,,N,,,,N,,,,,,,,,N,N,N,N,N,N,N,N,N,N,N,N,N,N,N,N,N,N,N,N,N,N,N,N,N,N,N,N,N,N,N,N,N,N,N,N,N,N,N,N,N,N,,N,N,N,N,N,N,N,N,N,N,N,N,N,N
prv2_face_zoom10x,0x00-00-03-00-00-01-00-06,,N,N,Y,Y,N,N,N,N,N,N,N,N,N,,N,N,N,,N,,N,N,N,N,Y,Y,N,Y,Y,,Y,Y,Y,Y,N,N,N,N,N,N,N,,N,N,N,N,,N,,,,N,,,,,,,,,N,N,N,N,N,N,N,N,N,N,N,N,N,N,N,N,N,N,N,N,N,N,N,N,N,N,N,N,N,N,N,N,N,N,N,N,N,N,N,N,N,N,,N,N,N,N,N,N,N,N,N,N,N,N,N,N
prv3_face_zoom10x,0x00-00-04-00-00-01-00-06,,N,N,Y,Y,N,N,N,N,N,N,N,N,N,,N,N,N,,N,,N,N,N,N,Y,Y,N,Y,Y,,Y,Y,Y,Y,N,N,N,N,N,N,N,,N,N,N,N,,N,,,,N,,,,,,,,,N,N,N,N,N,N,N,N,N,N,N,N,N,N,N,N,N,N,N,N,N,N,N,N,N,N,N,N,N,N,N,N,N,N,N,N,N,N,N,N,N,N,,N,N,N,N,N,N,N,N,N,N,N,N,N,N
cap0_face_zoom10x,0x00-00-05-00-00-01-00-06,N,N,N,N,N,N,,N,N,N,N,N,N,N,N,N,N,N,N,N,N,N,N,N,N,N,N,N,N,N,,N,N,Y,Y,N,N,N,N,N,N,N,,N,N,N,N,N,N,,,,N,,N,,,,,,,N,N,N,N,N,N,N,N,N,N,N,N,N,N,,,,,,,,,,,,,,,,,,N,N,N,N,N,N,N,N,N,,,,N,N,N,,N,N,N,N,N,N,N,N,N,N
cap1_face_zoom10x,0x00-00-06-00-00-01-00-06,N,N,N,N,N,N,,N,N,N,N,N,N,N,N,N,N,N,N,N,N,N,N,N,N,N,N,N,N,N,,N,N,Y,Y,N,N,N,N,N,N,N,,N,N,N,N,N,N,,,,N,,N,,,,,,,N,N,N,N,N,N,N,N,N,N,N,N,N,N,,,,,,,,,,,,,,,,,,N,N,N,N,N,N,N,N,N,,,,N,N,N,,N,N,N,N,N,N,N,N,N,N
cap2_face_zoom10x,0x00-00-07-00-00-01-00-06,N,N,N,N,N,N,,N,N,N,N,N,N,N,N,N,N,N,N,N,N,N,N,N,N,N,N,N,N,N,,N,N,Y,Y,N,N,N,N,N,N,N,,N,N,N,N,N,N,,,,N,,N,,,,,,,N,N,N,N,N,N,N,N,N,N,N,N,N,N,,,,,,,,,,,,,,,,,,N,N,N,N,N,N,N,N,N,,,,N,N,N,,N,N,N,N,N,N,N,N,N,N
cap3_face_zoom10x,0x00-00-08-00-00-01-00-06,N,N,N,N,N,N,,N,N,N,N,N,N,N,N,N,N,N,N,N,N,N,N,N,N,N,N,N,N,N,,N,N,Y,Y,N,N,N,N,N,N,N,,N,N,N,N,N,N,,,,N,,N,,,,,,,N,N,N,N,N,N,N,N,N,N,N,N,N,N,,,,,,,,,,,,,,,,,,N,N,N,N,N,N,N,N,N,,,,N,N,N,,N,N,N,N,N,N,N,N,N,N
prv0_portrait,0x00-00-01-03-00-00-00-00,,,N,Y,Y,N,,N,N,N,N,N,N,N,,N,N,N,,N,,N,N,N,N,Y,Y,N,Y,Y,,Y,Y,Y,Y,N,,N,,,,,,,,N,,,N,,,,N,,,,,,,,,N,N,N,N,N,N,N,N,N,N,N,N,N,N,N,N,N,N,N,N,N,N,N,N,N,N,N,N,N,N,N,N,N,N,N,N,N,N,N,N,N,N,N,N,N,N,N,,,N,,N,N,N,N,N,N
prv1_portrait,0x00-00-02-03-00-00-00-00,,,N,Y,Y,N,,N,N,N,N,N,N,N,,N,N,N,,N,,N,N,N,N,Y,Y,N,Y,Y,,Y,Y,Y,Y,N,,N,,,,,,,,N,,,N,,,,N,,,,,,,,,N,N,N,N,N,N,N,N,N,N,N,N,N,N,N,N,N,N,N,N,N,N,N,N,N,N,N,N,N,N,N,N,N,N,N,N,N,N,N,N,N,N,N,N,N,N,N,,,N,,N,N,N,N,N,N
prv2_portrait,0x00-00-03-03-00-00-00-00,,,N,Y,Y,N,,N,N,N,N,N,N,N,,N,N,N,,N,,N,N,N,N,Y,Y,N,Y,Y,,Y,Y,Y,Y,N,,N,,,,,,,,N,,,N,,,,N,,,,,,,,,N,N,N,N,N,N,N,N,N,N,N,N,N,N,N,N,N,N,N,N,N,N,N,N,N,N,N,N,N,N,N,N,N,N,N,N,N,N,N,N,N,N,N,N,N,N,N,,,N,,N,N,N,N,N,N
prv3_portrait,0x00-00-04-03-00-00-00-00,,,N,Y,Y,N,,N,N,N,N,N,N,N,,N,N,N,,N,,N,N,N,N,Y,Y,N,Y,Y,,Y,Y,Y,Y,N,,N,,,,,,,,N,,,N,,,,N,,,,,,,,,N,N,N,N,N,N,N,N,N,N,N,N,N,N,N,N,N,N,N,N,N,N,N,N,N,N,N,N,N,N,N,N,N,N,N,N,N,N,N,N,N,N,N,N,N,N,N,,,N,,N,N,N,N,N,N
cap0_portrait,0x00-00-05-03-00-00-00-00,N,N,N,N,N,N,N,N,N,N,N,N,N,N,N,N,N,N,N,N,N,N,N,N,N,N,N,N,N,N,,N,N,Y,Y,,N,N,N,N,N,N,,N,N,N,N,N,N,,,,N,,N,,,,,,,N,N,,,,N,N,N,N,N,N,N,N,N,,,,,,,,,,,,,,,,,,Y,Y,N,Y,Y,Y,Y,Y,Y,,,N,N,N,N,,N,N,,,N,N,N,N,N,N
cap1_portrait,0x00-00-06-03-00-00-00-00,N,N,N,N,N,N,N,N,N,N,N,N,N,N,N,N,N,N,N,N,N,N,N,N,N,N,N,N,N,N,,N,N,Y,Y,,N,N,N,N,N,N,,N,N,N,N,N,N,,,,N,,N,,,,,,,N,N,,,,N,N,N,N,N,N,N,N,N,,,,,,,,,,,,,,,,,,N,N,N,N,N,N,N,N,N,,,N,N,N,N,,N,N,,,N,N,N,N,N,N
cap2_portrait,0x00-00-07-03-00-00-00-00,N,N,N,N,N,N,N,N,N,N,N,N,N,N,N,N,N,N,N,N,N,N,N,N,N,N,N,N,N,N,,N,N,Y,Y,,N,N,N,N,N,N,,N,N,N,N,N,N,,,,N,,N,,,,,,,N,N,,,,N,N,N,N,N,N,N,N,N,,,,,,,,,,,,,,,,,,N,N,N,N,N,N,N,N,N,,,N,N,N,N,,N,N,,,N,N,N,N,N,N
cap3_portrait,0x00-00-08-03-00-00-00-00,N,N,N,N,N,N,N,N,N,N,N,N,N,N,N,N,N,N,N,N,N,N,N,N,N,N,N,N,N,N,,N,N,Y,Y,,N,N,N,N,N,N,,N,N,N,N,N,N,,,,N,,N,,,,,,,N,N,,,,N,N,N,N,N,N,N,N,N,,,,,,,,,,,,,,,,,,N,N,N,N,N,N,N,N,N,,,N,N,N,N,,N,N,,,N,N,N,N,N,N
prv0_panorama,0x00-00-01-04-00-00-00-00,,,N,Y,Y,N,,N,N,N,N,N,N,N,,N,N,N,,N,,N,N,N,N,Y,Y,N,Y,Y,,Y,Y,Y,Y,N,,N,,,,,,,,N,,,N,,,,N,,,,,,,,,N,N,N,N,N,N,N,N,N,N,N,N,N,N,N,N,N,N,N,N,N,N,N,N,N,N,N,N,N,N,N,N,N,N,N,N,N,N,N,N,N,N,N,N,N,N,N,N,N,N,N,N,N,N,N,N,N
prv1_panorama,0x00-00-02-04-00-00-00-00,,,N,Y,Y,N,,N,N,N,N,N,N,N,,N,N,N,,N,,N,N,N,N,Y,Y,N,Y,Y,,Y,Y,Y,Y,N,,N,,,,,,,,N,,,N,,,,N,,,,,,,,,N,N,N,N,N,N,N,N,N,N,N,N,N,N,N,N,N,N,N,N,N,N,N,N,N,N,N,N,N,N,N,N,N,N,N,N,N,N,N,N,N,N,N,N,N,N,N,N,N,N,N,N,N,N,N,N,N
prv2_panorama,0x00-00-03-04-00-00-00-00,,,N,Y,Y,N,,N,N,N,N,N,N,N,,N,N,N,,N,,N,N,N,N,Y,Y,N,Y,Y,,Y,Y,Y,Y,N,,N,,,,,,,,N,,,N,,,,N,,,,,,,,,N,N,N,N,N,N,N,N,N,N,N,N,N,N,N,N,N,N,N,N,N,N,N,N,N,N,N,N,N,N,N,N,N,N,N,N,N,N,N,N,N,N,N,N,N,N,N,N,N,N,N,N,N,N,N,N,N
prv3_panorama,0x00-00-04-04-00-00-00-00,,,N,Y,Y,N,,N,N,N,N,N,N,N,,N,N,N,,N,,N,N,N,N,Y,Y,N,Y,Y,,Y,Y,Y,Y,N,,N,,,,,,,,N,,,N,,,,N,,,,,,,,,N,N,N,N,N,N,N,N,N,N,N,N,N,N,N,N,N,N,N,N,N,N,N,N,N,N,N,N,N,N,N,N,N,N,N,N,N,N,N,N,N,N,N,N,N,N,N,N,N,N,N,N,N,N,N,N,N
cap0_panorama,0x00-00-05-04-00-00-00-00,N,N,N,N,N,N,N,N,N,N,N,N,N,N,N,N,N,N,N,N,N,N,N,N,N,N,N,N,N,N,,N,N,Y,Y,,N,N,N,N,N,N,,N,N,N,N,N,N,,,,N,,N,,,,,,,N,N,,,,N,N,N,N,N,N,N,N,N,,,,,,,,,,,,,,,,,,N,N,N,N,N,N,N,N,N,,,N,N,N,N,,N,N,N,N,N,N,N,N,N,N
cap1_panorama,0x00-00-06-04-00-00-00-00,N,N,N,N,N,N,N,N,N,N,N,N,N,N,N,N,N,N,N,N,N,N,N,N,N,N,N,N,N,N,,N,N,Y,Y,,N,N,N,N,N,N,,N,N,N,N,N,N,,,,N,,N,,,,,,,N,N,,,,N,N,N,N,N,N,N,N,N,,,,,,,,,,,,,,,,,,N,N,N,N,N,N,N,N,N,,,N,N,N,N,,N,N,N,N,N,N,N,N,N,N
cap2_panorama,0x00-00-07-04-00-00-00-00,N,N,N,N,N,N,N,N,N,N,N,N,N,N,N,N,N,N,N,N,N,N,N,N,N,N,N,N,N,N,,N,N,Y,Y,,N,N,N,N,N,N,,N,N,N,N,N,N,,,,N,,N,,,,,,,N,N,,,,N,N,N,N,N,N,N,N,N,,,,,,,,,,,,,,,,,,N,N,N,N,N,N,N,N,N,,,N,N,N,N,,N,N,N,N,N,N,N,N,N,N
cap3_panorama,0x00-00-08-04-00-00-00-00,N,N,N,N,N,N,N,N,N,N,N,N,N,N,N,N,N,N,N,N,N,N,N,N,N,N,N,N,N,N,,N,N,Y,Y,,N,N,N,N,N,N,,N,N,N,N,N,N,,,,N,,N,,,,,,,N,N,,,,N,N,N,N,N,N,N,N,N,,,,,,,,,,,,,,,,,,N,N,N,N,N,N,N,N,N,,,N,N,N,N,,N,N,N,N,N,N,N,N,N,N
prv0_professional,0x00-00-01-05-00-00-00-00,,,N,Y,Y,N,,N,N,N,N,N,N,N,,N,N,N,,N,,N,N,N,N,Y,Y,N,Y,Y,,Y,Y,Y,Y,N,,N,,,,,,,,N,,,N,,,,N,,,,,,,,,N,N,N,N,N,N,N,N,N,N,N,N,N,N,N,N,N,N,N,N,N,N,N,N,N,N,N,N,N,N,N,N,N,N,N,N,N,N,N,N,N,N,N,N,N,N,N,N,N,N,N,N,N,N,N,N,N
prv1_professional,0x00-00-02-05-00-00-00-00,,,N,Y,Y,N,,N,N,N,N,N,N,N,,N,N,N,,N,,N,N,N,N,Y,Y,N,Y,Y,,Y,Y,Y,Y,N,,N,,,,,,,,N,,,N,,,,N,,,,,,,,,N,N,N,N,N,N,N,N,N,N,N,N,N,N,N,N,N,N,N,N,N,N,N,N,N,N,N,N,N,N,N,N,N,N,N,N,N,N,N,N,N,N,N,N,N,N,N,N,N,N,N,N,N,N,N,N,N
prv2_professional,0x00-00-03-05-00-00-00-00,,,N,Y,Y,N,,N,N,N,N,N,N,N,,N,N,N,,N,,N,N,N,N,Y,Y,N,Y,Y,,Y,Y,Y,Y,N,,N,,,,,,,,N,,,N,,,,N,,,,,,,,,N,N,N,N,N,N,N,N,N,N,N,N,N,N,N,N,N,N,N,N,N,N,N,N,N,N,N,N,N,N,N,N,N,N,N,N,N,N,N,N,N,N,N,N,N,N,N,N,N,N,N,N,N,N,N,N,N
prv3_professional,0x00-00-04-05-00-00-00-00,,,N,Y,Y,N,,N,N,N,N,N,N,N,,N,N,N,,N,,N,N,N,N,Y,Y,N,Y,Y,,Y,Y,Y,Y,N,,N,,,,,,,,N,,,N,,,,N,,,,,,,,,N,N,N,N,N,N,N,N,N,N,N,N,N,N,N,N,N,N,N,N,N,N,N,N,N,N,N,N,N,N,N,N,N,N,N,N,N,N,N,N,N,N,N,N,N,N,N,N,N,N,N,N,N,N,N,N,N
cap0_professional,0x00-00-05-05-00-00-00-00,N,N,N,N,N,N,N,N,N,N,N,N,N,N,N,N,N,N,N,N,N,N,N,N,N,N,N,N,N,N,,N,N,Y,Y,,N,N,N,N,N,N,,N,N,N,N,N,N,,,,N,,N,,,,,,,N,N,,,,N,N,N,N,N,N,N,N,N,,,,,,,,,,,,,,,,,,N,N,N,N,N,N,N,N,N,,,N,N,N,N,,N,N,N,N,N,N,N,N,N,N
cap1_professional,0x00-00-06-05-00-00-00-00,N,N,N,N,N,N,N,N,N,N,N,N,N,N,N,N,N,N,N,N,N,N,N,N,N,N,N,N,N,N,,N,N,Y,Y,,N,N,N,N,N,N,,N,N,N,N,N,N,,,,N,,N,,,,,,,N,N,,,,N,N,N,N,N,N,N,N,N,,,,,,,,,,,,,,,,,,N,N,N,N,N,N,N,N,N,,,N,N,N,N,,N,N,N,N,N,N,N,N,N,N
cap2_professional,0x00-00-07-05-00-00-00-00,N,N,N,N,N,N,N,N,N,N,N,N,N,N,N,N,N,N,N,N,N,N,N,N,N,N,N,N,N,N,,N,N,Y,Y,,N,N,N,N,N,N,,N,N,N,N,N,N,,,,N,,N,,,,,,,N,N,,,,N,N,N,N,N,N,N,N,N,,,,,,,,,,,,,,,,,,N,N,N,N,N,N,N,N,N,,,N,N,N,N,,N,N,N,N,N,N,N,N,N,N
cap3_professional,0x00-00-08-05-00-00-00-00,N,N,N,N,N,N,N,N,N,N,N,N,N,N,N,N,N,N,N,N,N,N,N,N,N,N,N,N,N,N,,N,N,Y,Y,,N,N,N,N,N,N,,N,N,N,N,N,N,,,,N,,N,,,,,,,N,N,,,,N,N,N,N,N,N,N,N,N,,,,,,,,,,,,,,,,,,N,N,N,N,N,N,N,N,N,,,N,N,N,N,,N,N,N,N,N,N,N,N,N,N
prv0_portrait_face,0x00-00-01-03-00-01-00-00,,N,N,Y,Y,N,N,N,N,N,N,N,N,N,,N,N,N,,N,,N,N,N,N,Y,Y,N,Y,Y,,Y,Y,Y,Y,N,N,N,N,N,N,N,,N,N,N,N,,N,,,,N,,,,,,,,,N,N,N,N,N,N,N,N,N,N,N,N,N,N,N,N,N,N,N,N,N,N,N,N,N,N,N,N,N,N,N,N,N,N,N,N,N,N,N,N,N,N,N,N,N,N,N,,,N,,N,N,N,N,N,N
prv1_portrait_face,0x00-00-02-03-00-01-00-00,,N,N,Y,Y,N,N,N,N,N,N,N,N,N,,N,N,N,,N,,N,N,N,N,Y,Y,N,Y,Y,,Y,Y,Y,Y,N,N,N,N,N,N,N,,N,N,N,N,,N,,,,N,,,,,,,,,N,N,N,N,N,N,N,N,N,N,N,N,N,N,N,N,N,N,N,N,N,N,N,N,N,N,N,N,N,N,N,N,N,N,N,N,N,N,N,N,N,N,N,N,N,N,N,,,N,,N,N,N,N,N,N
prv2_portrait_face,0x00-00-03-03-00-01-00-00,,N,N,Y,Y,N,N,N,N,N,N,N,N,N,,N,N,N,,N,,N,N,N,N,Y,Y,N,Y,Y,,Y,Y,Y,Y,N,N,N,N,N,N,N,,N,N,N,N,,N,,,,N,,,,,,,,,N,N,N,N,N,N,N,N,N,N,N,N,N,N,N,N,N,N,N,N,N,N,N,N,N,N,N,N,N,N,N,N,N,N,N,N,N,N,N,N,N,N,N,N,N,N,N,,,N,,N,N,N,N,N,N
prv3_portrait_face,0x00-00-04-03-00-01-00-00,,N,N,Y,Y,N,N,N,N,N,N,N,N,N,,N,N,N,,N,,N,N,N,N,Y,Y,N,Y,Y,,Y,Y,Y,Y,N,N,N,N,N,N,N,,N,N,N,N,,N,,,,N,,,,,,,,,N,N,N,N,N,N,N,N,N,N,N,N,N,N,N,N,N,N,N,N,N,N,N,N,N,N,N,N,N,N,N,N,N,N,N,N,N,N,N,N,N,N,N,N,N,N,N,,,N,,N,N,N,N,N,N
cap0_portrait_face,0x00-00-05-03-00-01-00-00,N,N,N,N,N,N,,N,N,N,N,N,N,N,N,N,N,N,N,N,N,N,N,N,N,N,N,N,N,N,,N,N,Y,Y,N,N,N,N,N,N,N,,N,N,N,N,N,N,,,,N,,N,,,,,,,N,N,N,N,N,N,N,N,N,N,N,N,N,N,,,,,,,,,,,,,,,,,,N,N,N,N,N,N,N,N,N,,,N,N,N,N,,N,N,,,N,N,N,N,N,N
cap1_portrait_face,0x00-00-06-03-00-01-00-00,N,N,N,N,N,N,,N,N,N,N,N,N,N,N,N,N,N,N,N,N,N,N,N,N,N,N,N,N,N,,N,N,Y,Y,N,N,N,N,N,N,N,,N,N,N,N,N,N,,,,N,,N,,,,,,,N,N,N,N,N,N,N,N,N,N,N,N,N,N,,,,,,,,,,,,,,,,,,N,N,N,N,N,N,N,N,N,,,N,N,N,N,,N,N,,,N,N,N,N,N,N
cap2_portrait_face,0x00-00-07-03-00-01-00-00,N,N,N,N,N,N,,N,N,N,N,N,N,N,N,N,N,N,N,N,N,N,N,N,N,N,N,N,N,N,,N,N,Y,Y,N,N,N,N,N,N,N,,N,N,N,N,N,N,,,,N,,N,,,,,,,N,N,N,N,N,N,N,N,N,N,N,N,N,N,,,,,,,,,,,,,,,,,,N,N,N,N,N,N,N,N,N,,,N,N,N,N,,N,N,,,N,N,N,N,N,N
cap3_portrait_face,0x00-00-08-03-00-01-00-00,N,N,N,N,N,N,,N,N,N,N,N,N,N,N,N,N,N,N,N,N,N,N,N,N,N,N,N,N,N,,N,N,Y,Y,N,N,N,N,N,N,N,,N,N,N,N,N,N,,,,N,,N,,,,,,,N,N,N,N,N,N,N,N,N,N,N,N,N,N,,,,,,,,,,,,,,,,,,N,N,N,N,N,N,N,N,N,,,N,N,N,N,,N,N,,,N,N,N,N,N,N
prv0_panorama_face,0x00-00-01-04-00-01-00-00,,N,N,Y,Y,N,N,N,N,N,N,N,N,N,,N,N,N,,N,,N,N,N,N,Y,Y,N,Y,Y,,Y,Y,Y,Y,N,N,N,N,N,N,N,,N,N,N,N,,N,,,,N,,,,,,,,,N,N,N,N,N,N,N,N,N,N,N,N,N,N,N,N,N,N,N,N,N,N,N,N,N,N,N,N,N,N,N,N,N,N,N,N,N,N,N,N,N,N,N,N,N,N,N,N,N,N,N,N,N,N,N,N,N
prv1_panorama_face,0x00-00-02-04-00-01-00-00,,N,N,Y,Y,N,N,N,N,N,N,N,N,N,,N,N,N,,N,,N,N,N,N,Y,Y,N,Y,Y,,Y,Y,Y,Y,N,N,N,N,N,N,N,,N,N,N,N,,N,,,,N,,,,,,,,,N,N,N,N,N,N,N,N,N,N,N,N,N,N,N,N,N,N,N,N,N,N,N,N,N,N,N,N,N,N,N,N,N,N,N,N,N,N,N,N,N,N,N,N,N,N,N,N,N,N,N,N,N,N,N,N,N
prv2_panorama_face,0x00-00-03-04-00-01-00-00,,N,N,Y,Y,N,N,N,N,N,N,N,N,N,,N,N,N,,N,,N,N,N,N,Y,Y,N,Y,Y,,Y,Y,Y,Y,N,N,N,N,N,N,N,,N,N,N,N,,N,,,,N,,,,,,,,,N,N,N,N,N,N,N,N,N,N,N,N,N,N,N,N,N,N,N,N,N,N,N,N,N,N,N,N,N,N,N,N,N,N,N,N,N,N,N,N,N,N,N,N,N,N,N,N,N,N,N,N,N,N,N,N,N
prv3_panorama_face,0x00-00-04-04-00-01-00-00,,N,N,Y,Y,N,N,N,N,N,N,N,N,N,,N,N,N,,N,,N,N,N,N,Y,Y,N,Y,Y,,Y,Y,Y,Y,N,N,N,N,N,N,N,,N,N,N,N,,N,,,,N,,,,,,,,,N,N,N,N,N,N,N,N,N,N,N,N,N,N,N,N,N,N,N,N,N,N,N,N,N,N,N,N,N,N,N,N,N,N,N,N,N,N,N,N,N,N,N,N,N,N,N,N,N,N,N,N,N,N,N,N,N
cap0_panorama_face,0x00-00-05-04-00-01-00-00,N,N,N,N,N,N,,N,N,N,N,N,N,N,N,N,N,N,N,N,N,N,N,N,N,N,N,N,N,N,,N,N,Y,Y,N,N,N,N,N,N,N,,N,N,N,N,N,N,,,,N,,N,,,,,,,N,N,N,N,N,N,N,N,N,N,N,N,N,N,,,,,,,,,,,,,,,,,,N,N,N,N,N,N,N,N,N,,,N,N,N,N,,N,N,N,N,N,N,N,N,N,N
cap1_panorama_face,0x00-00-06-04-00-01-00-00,N,N,N,N,N,N,,N,N,N,N,N,N,N,N,N,N,N,N,N,N,N,N,N,N,N,N,N,N,N,,N,N,Y,Y,N,N,N,N,N,N,N,,N,N,N,N,N,N,,,,N,,N,,,,,,,N,N,N,N,N,N,N,N,N,N,N,N,N,N,,,,,,,,,,,,,,,,,,N,N,N,N,N,N,N,N,N,,,N,N,N,N,,N,N,N,N,N,N,N,N,N,N
cap2_panorama_face,0x00-00-07-04-00-01-00-00,N,N,N,N,N,N,,N,N,N,N,N,N,N,N,N,N,N,N,N,N,N,N,N,N,N,N,N,N,N,,N,N,Y,Y,N,N,N,N,N,N,N,,N,N,N,N,N,N,,,,N,,N,,,,,,,N,N,N,N,N,N,N,N,N,N,N,N,N,N,,,,,,,,,,,,,,,,,,N,N,N,N,N,N,N,N,N,,,N,N,N,N,,N,N,N,N,N,N,N,N,N,N
cap3_panorama_face,0x00-00-08-04-00-01-00-00,N,N,N,N,N,N,,N,N,N,N,N,N,N,N,N,N,N,N,N,N,N,N,N,N,N,N,N,N,N,,N,N,Y,Y,N,N,N,N,N,N,N,,N,N,N,N,N,N,,,,N,,N,,,,,,,N,N,N,N,N,N,N,N,N,N,N,N,N,N,,,,,,,,,,,,,,,,,,N,N,N,N,N,N,N,N,N,,,N,N,N,N,,N,N,N,N,N,N,N,N,N,N
prv0_professional_face,0x00-00-01-05-00-01-00-00,,N,N,Y,Y,N,N,N,N,N,N,N,N,N,,N,N,N,,N,,N,N,N,N,Y,Y,N,Y,Y,,Y,Y,Y,Y,N,N,N,N,N,N,N,,N,N,N,N,,N,,,,N,,,,,,,,,N,N,N,N,N,N,N,N,N,N,N,N,N,N,N,N,N,N,N,N,N,N,N,N,N,N,N,N,N,N,N,N,N,N,N,N,N,N,N,N,N,N,N,N,N,N,N,N,N,N,N,N,N,N,N,N,N
prv1_professional_face,0x00-00-02-05-00-01-00-00,,N,N,Y,Y,N,N,N,N,N,N,N,N,N,,N,N,N,,N,,N,N,N,N,Y,Y,N,Y,Y,,Y,Y,Y,Y,N,N,N,N,N,N,N,,N,N,N,N,,N,,,,N,,,,,,,,,N,N,N,N,N,N,N,N,N,N,N,N,N,N,N,N,N,N,N,N,N,N,N,N,N,N,N,N,N,N,N,N,N,N,N,N,N,N,N,N,N,N,N,N,N,N,N,N,N,N,N,N,N,N,N,N,N
prv2_professional_face,0x00-00-03-05-00-01-00-00,,N,N,Y,Y,N,N,N,N,N,N,N,N,N,,N,N,N,,N,,N,N,N,N,Y,Y,N,Y,Y,,Y,Y,Y,Y,N,N,N,N,N,N,N,,N,N,N,N,,N,,,,N,,,,,,,,,N,N,N,N,N,N,N,N,N,N,N,N,N,N,N,N,N,N,N,N,N,N,N,N,N,N,N,N,N,N,N,N,N,N,N,N,N,N,N,N,N,N,N,N,N,N,N,N,N,N,N,N,N,N,N,N,N
prv3_professional_face,0x00-00-04-05-00-01-00-00,,N,N,Y,Y,N,N,N,N,N,N,N,N,N,,N,N,N,,N,,N,N,N,N,Y,Y,N,Y,Y,,Y,Y,Y,Y,N,N,N,N,N,N,N,,N,N,N,N,,N,,,,N,,,,,,,,,N,N,N,N,N,N,N,N,N,N,N,N,N,N,N,N,N,N,N,N,N,N,N,N,N,N,N,N,N,N,N,N,N,N,N,N,N,N,N,N,N,N,N,N,N,N,N,N,N,N,N,N,N,N,N,N,N
cap0_professional_face,0x00-00-05-05-00-01-00-00,N,N,N,N,N,N,,N,N,N,N,N,N,N,N,N,N,N,N,N,N,N,N,N,N,N,N,N,N,N,,N,N,Y,Y,N,N,N,N,N,N,N,,N,N,N,N,N,N,,,,N,,N,,,,,,,N,N,N,N,N,N,N,N,N,N,N,N,N,N,,,,,,,,,,,,,,,,,,N,N,N,N,N,N,N,N,N,,,N,N,N,N,,N,N,N,N,N,N,N,N,N,N
cap1_professional_face,0x00-00-06-05-00-01-00-00,N,N,N,N,N,N,,N,N,N,N,N,N,N,N,N,N,N,N,N,N,N,N,N,N,N,N,N,N,N,,N,N,Y,Y,N,N,N,N,N,N,N,,N,N,N,N,N,N,,,,N,,N,,,,,,,N,N,N,N,N,N,N,N,N,N,N,N,N,N,,,,,,,,,,,,,,,,,,N,N,N,N,N,N,N,N,N,,,N,N,N,N,,N,N,N,N,N,N,N,N,N,N
cap2_professional_face,0x00-00-07-05-00-01-00-00,N,N,N,N,N,N,,N,N,N,N,N,N,N,N,N,N,N,N,N,N,N,N,N,N,N,N,N,N,N,,N,N,Y,Y,N,N,N,N,N,N,N,,N,N,N,N,N,N,,,,N,,N,,,,,,,N,N,N,N,N,N,N,N,N,N,N,N,N,N,,,,,,,,,,,,,,,,,,N,N,N,N,N,N,N,N,N,,,N,N,N,N,,N,N,N,N,N,N,N,N,N,N
cap3_professional_face,0x00-00-08-05-00-01-00-00,N,N,N,N,N,N,,N,N,N,N,N,N,N,N,N,N,N,N,N,N,N,N,N,N,N,N,N,N,N,,N,N,Y,Y,N,N,N,N,N,N,N,,N,N,N,N,N,N,,,,N,,N,,,,,,,N,N,N,N,N,N,N,N,N,N,N,N,N,N,,,,,,,,,,,,,,,,,,N,N,N,N,N,N,N,N,N,,,N,N,N,N,,N,N,N,N,N,N,N,N,N,N
video0_sm60,0x00-00-09-06-00-00-00-00,,,N,Y,Y,N,,N,N,N,N,N,N,N,,N,N,N,,N,,N,N,N,N,Y,Y,N,Y,Y,,Y,Y,Y,Y,N,,N,,,,,,,,N,,,N,,,,N,,,,,,,,,N,N,N,N,N,N,N,N,N,N,N,N,N,N,N,N,N,N,N,N,N,N,N,N,N,N,N,N,N,N,N,N,N,N,N,N,N,N,N,N,N,N,N,N,N,N,N,N,N,N,N,N,N,N,N,N,N
video1_sm60,0x00-00-0a-06-00-00-00-00,,,N,Y,Y,N,,N,N,N,N,N,N,N,,N,N,N,,N,,N,N,N,N,Y,Y,N,Y,Y,,Y,Y,Y,Y,N,,N,,,,,,,,N,,,N,,,,N,,,,,,,,,N,N,N,N,N,N,N,N,N,N,N,N,N,N,N,N,N,N,N,N,N,N,N,N,N,N,N,N,N,N,N,N,N,N,N,N,N,N,N,N,N,N,N,N,N,N,N,N,N,N,N,N,N,N,N,N,N
video2_sm60,0x00-00-0b-06-00-00-00-00,,,N,Y,Y,N,,N,N,N,N,N,N,N,,N,N,N,,N,,N,N,N,N,Y,Y,N,Y,Y,,Y,Y,Y,Y,N,,N,,,,,,,,N,,,N,,,,N,,,,,,,,,N,N,N,N,N,N,N,N,N,N,N,N,N,N,N,N,N,N,N,N,N,N,N,N,N,N,N,N,N,N,N,N,N,N,N,N,N,N,N,N,N,N,N,N,N,N,N,N,N,N,N,N,N,N,N,N,N
video3_sm60,0x00-00-0c-06-00-00-00-00,,,N,Y,Y,N,,N,N,N,N,N,N,N,,N,N,N,,N,,N,N,N,N,Y,Y,N,Y,Y,,Y,Y,Y,Y,N,,N,,,,,,,,N,,,N,,,,N,,,,,,,,,N,N,N,N,N,N,N,N,N,N,N,N,N,N,N,N,N,N,N,N,N,N,N,N,N,N,N,N,N,N,N,N,N,N,N,N,N,N,N,N,N,N,N,N,N,N,N,N,N,N,N,N,N,N,N,N,N
video4_sm60,0x00-00-0d-06-00-00-00-00,,,N,Y,Y,N,,N,N,N,N,N,N,N,,N,N,N,,N,,N,N,N,N,Y,Y,N,Y,Y,,Y,Y,Y,Y,N,,N,,,,,,,,N,,,N,,,,N,,,,,,,,,N,N,N,N,N,N,N,N,N,N,N,N,N,N,N,N,N,N,N,N,N,N,N,N,N,N,N,N,N,N,N,N,N,N,N,N,N,N,N,N,N,N,N,N,N,N,N,N,N,N,N,N,N,N,N,N,N
video0_sm90,0x00-00-09-07-00-00-00-00,,,N,Y,Y,N,,N,N,N,N,N,N,N,,N,N,N,,N,,N,N,N,N,Y,Y,N,Y,Y,,Y,Y,Y,Y,N,,N,,,,,,,,N,,,N,,,,N,,,,,,,,,N,N,N,N,N,N,N,N,N,N,N,N,N,N,N,N,N,N,N,N,N,N,N,N,N,N,N,N,N,N,N,N,N,N,N,N,N,N,N,N,N,N,N,N,N,N,N,N,N,N,N,N,N,N,N,N,N
video1_sm90,0x00-00-0a-07-00-00-00-00,,,N,Y,Y,N,,N,N,N,N,N,N,N,,N,N,N,,N,,N,N,N,N,Y,Y,N,Y,Y,,Y,Y,Y,Y,N,,N,,,,,,,,N,,,N,,,,N,,,,,,,,,N,N,N,N,N,N,N,N,N,N,N,N,N,N,N,N,N,N,N,N,N,N,N,N,N,N,N,N,N,N,N,N,N,N,N,N,N,N,N,N,N,N,N,N,N,N,N,N,N,N,N,N,N,N,N,N,N
video2_sm90,0x00-00-0b-07-00-00-00-00,,,N,Y,Y,N,,N,N,N,N,N,N,N,,N,N,N,,N,,N,N,N,N,Y,Y,N,Y,Y,,Y,Y,Y,Y,N,,N,,,,,,,,N,,,N,,,,N,,,,,,,,,N,N,N,N,N,N,N,N,N,N,N,N,N,N,N,N,N,N,N,N,N,N,N,N,N,N,N,N,N,N,N,N,N,N,N,N,N,N,N,N,N,N,N,N,N,N,N,N,N,N,N,N,N,N,N,N,N
video3_sm90,0x00-00-0c-07-00-00-00-00,,,N,Y,Y,N,,N,N,N,N,N,N,N,,N,N,N,,N,,N,N,N,N,Y,Y,N,Y,Y,,Y,Y,Y,Y,N,,N,,,,,,,,N,,,N,,,,N,,,,,,,,,N,N,N,N,N,N,N,N,N,N,N,N,N,N,N,N,N,N,N,N,N,N,N,N,N,N,N,N,N,N,N,N,N,N,N,N,N,N,N,N,N,N,N,N,N,N,N,N,N,N,N,N,N,N,N,N,N
video4_sm90,0x00-00-0d-07-00-00-00-00,,,N,Y,Y,N,,N,N,N,N,N,N,N,,N,N,N,,N,,N,N,N,N,Y,Y,N,Y,Y,,Y,Y,Y,Y,N,,N,,,,,,,,N,,,N,,,,N,,,,,,,,,N,N,N,N,N,N,N,N,N,N,N,N,N,N,N,N,N,N,N,N,N,N,N,N,N,N,N,N,N,N,N,N,N,N,N,N,N,N,N,N,N,N,N,N,N,N,N,N,N,N,N,N,N,N,N,N,N
video0_sm120,0x00-00-09-08-00-00-00-00,,,N,Y,Y,N,,N,N,N,N,N,N,N,,N,N,N,,N,,N,N,N,N,Y,Y,N,Y,Y,,Y,Y,Y,Y,N,,N,,,,,,,,N,,,N,,,,N,,,,,,,,,N,N,N,N,N,N,N,N,N,N,N,N,N,N,N,N,N,N,N,N,N,N,N,N,N,N,N,N,N,N,N,N,N,N,N,N,N,N,N,N,N,N,N,N,N,N,N,N,N,N,N,N,N,N,N,N,N
video1_sm120,0x00-00-0a-08-00-00-00-00,,,N,Y,Y,N,,N,N,N,N,N,N,N,,N,N,N,,N,,N,N,N,N,Y,Y,N,Y,Y,,Y,Y,Y,Y,N,,N,,,,,,,,N,,,N,,,,N,,,,,,,,,N,N,N,N,N,N,N,N,N,N,N,N,N,N,N,N,N,N,N,N,N,N,N,N,N,N,N,N,N,N,N,N,N,N,N,N,N,N,N,N,N,N,N,N,N,N,N,N,N,N,N,N,N,N,N,N,N
video2_sm120,0x00-00-0b-08-00-00-00-00,,,N,Y,Y,N,,N,N,N,N,N,N,N,,N,N,N,,N,,N,N,N,N,Y,Y,N,Y,Y,,Y,Y,Y,Y,N,,N,,,,,,,,N,,,N,,,,N,,,,,,,,,N,N,N,N,N,N,N,N,N,N,N,N,N,N,N,N,N,N,N,N,N,N,N,N,N,N,N,N,N,N,N,N,N,N,N,N,N,N,N,N,N,N,N,N,N,N,N,N,N,N,N,N,N,N,N,N,N
video3_sm120,0x00-00-0c-08-00-00-00-00,,,N,Y,Y,N,,N,N,N,N,N,N,N,,N,N,N,,N,,N,N,N,N,Y,Y,N,Y,Y,,Y,Y,Y,Y,N,,N,,,,,,,,N,,,N,,,,N,,,,,,,,,N,N,N,N,N,N,N,N,N,N,N,N,N,N,N,N,N,N,N,N,N,N,N,N,N,N,N,N,N,N,N,N,N,N,N,N,N,N,N,N,N,N,N,N,N,N,N,N,N,N,N,N,N,N,N,N,N
video4_sm120,0x00-00-0d-08-00-00-00-00,,,N,Y,Y,N,,N,N,N,N,N,N,N,,N,N,N,,N,,N,N,N,N,Y,Y,N,Y,Y,,Y,Y,Y,Y,N,,N,,,,,,,,N,,,N,,,,N,,,,,,,,,N,N,N,N,N,N,N,N,N,N,N,N,N,N,N,N,N,N,N,N,N,N,N,N,N,N,N,N,N,N,N,N,N,N,N,N,N,N,N,N,N,N,N,N,N,N,N,N,N,N,N,N,N,N,N,N,N
video0_sm240,0x00-00-09-09-00-00-00-00,,,N,Y,Y,N,,N,N,N,N,N,N,N,,N,N,N,,N,,N,N,N,N,Y,Y,N,Y,Y,,Y,Y,Y,Y,N,,N,,,,,,,,N,,,N,,,,N,,,,,,,,,N,N,N,N,N,N,N,N,N,N,N,N,N,N,N,N,N,N,N,N,N,N,N,N,N,N,N,N,N,N,N,N,N,N,N,N,N,N,N,N,N,N,N,N,N,N,N,N,N,N,N,N,N,N,N,N,N
video1_sm240,0x00-00-0a-09-00-00-00-00,,,N,Y,Y,N,,N,N,N,N,N,N,N,,N,N,N,,N,,N,N,N,N,Y,Y,N,Y,Y,,Y,Y,Y,Y,N,,N,,,,,,,,N,,,N,,,,N,,,,,,,,,N,N,N,N,N,N,N,N,N,N,N,N,N,N,N,N,N,N,N,N,N,N,N,N,N,N,N,N,N,N,N,N,N,N,N,N,N,N,N,N,N,N,N,N,N,N,N,N,N,N,N,N,N,N,N,N,N
video2_sm240,0x00-00-0b-09-00-00-00-00,,,N,Y,Y,N,,N,N,N,N,N,N,N,,N,N,N,,N,,N,N,N,N,Y,Y,N,Y,Y,,Y,Y,Y,Y,N,,N,,,,,,,,N,,,N,,,,N,,,,,,,,,N,N,N,N,N,N,N,N,N,N,N,N,N,N,N,N,N,N,N,N,N,N,N,N,N,N,N,N,N,N,N,N,N,N,N,N,N,N,N,N,N,N,N,N,N,N,N,N,N,N,N,N,N,N,N,N,N
video3_sm240,0x00-00-0c-09-00-00-00-00,,,N,Y,Y,N,,N,N,N,N,N,N,N,,N,N,N,,N,,N,N,N,N,Y,Y,N,Y,Y,,Y,Y,Y,Y,N,,N,,,,,,,,N,,,N,,,,N,,,,,,,,,N,N,N,N,N,N,N,N,N,N,N,N,N,N,N,N,N,N,N,N,N,N,N,N,N,N,N,N,N,N,N,N,N,N,N,N,N,N,N,N,N,N,N,N,N,N,N,N,N,N,N,N,N,N,N,N,N
video4_sm240,0x00-00-0d-09-00-00-00-00,,,N,Y,Y,N,,N,N,N,N,N,N,N,,N,N,N,,N,,N,N,N,N,Y,Y,N,Y,Y,,Y,Y,Y,Y,N,,N,,,,,,,,N,,,N,,,,N,,,,,,,,,N,N,N,N,N,N,N,N,N,N,N,N,N,N,N,N,N,N,N,N,N,N,N,N,N,N,N,N,N,N,N,N,N,N,N,N,N,N,N,N,N,N,N,N,N,N,N,N,N,N,N,N,N,N,N,N,N
video0_sm480,0x00-00-09-0a-00-00-00-00,,,N,Y,Y,N,,N,N,N,N,N,N,N,,N,N,N,,N,,N,N,N,N,Y,Y,N,Y,Y,,Y,Y,Y,Y,N,,N,,,,,,,,N,,,N,,,,N,,,,,,,,,N,N,N,N,N,N,N,N,N,N,N,N,N,N,N,N,N,N,N,N,N,N,N,N,N,N,N,N,N,N,N,N,N,N,N,N,N,N,N,N,N,N,N,N,N,N,N,N,N,N,N,N,N,N,N,N,N
video1_sm480,0x00-00-0a-0a-00-00-00-00,,,N,Y,Y,N,,N,N,N,N,N,N,N,,N,N,N,,N,,N,N,N,N,Y,Y,N,Y,Y,,Y,Y,Y,Y,N,,N,,,,,,,,N,,,N,,,,N,,,,,,,,,N,N,N,N,N,N,N,N,N,N,N,N,N,N,N,N,N,N,N,N,N,N,N,N,N,N,N,N,N,N,N,N,N,N,N,N,N,N,N,N,N,N,N,N,N,N,N,N,N,N,N,N,N,N,N,N,N
video2_sm480,0x00-00-0b-0a-00-00-00-00,,,N,Y,Y,N,,N,N,N,N,N,N,N,,N,N,N,,N,,N,N,N,N,Y,Y,N,Y,Y,,Y,Y,Y,Y,N,,N,,,,,,,,N,,,N,,,,N,,,,,,,,,N,N,N,N,N,N,N,N,N,N,N,N,N,N,N,N,N,N,N,N,N,N,N,N,N,N,N,N,N,N,N,N,N,N,N,N,N,N,N,N,N,N,N,N,N,N,N,N,N,N,N,N,N,N,N,N,N
video3_sm480,0x00-00-0c-0a-00-00-00-00,,,N,Y,Y,N,,N,N,N,N,N,N,N,,N,N,N,,N,,N,N,N,N,Y,Y,N,Y,Y,,Y,Y,Y,Y,N,,N,,,,,,,,N,,,N,,,,N,,,,,,,,,N,N,N,N,N,N,N,N,N,N,N,N,N,N,N,N,N,N,N,N,N,N,N,N,N,N,N,N,N,N,N,N,N,N,N,N,N,N,N,N,N,N,N,N,N,N,N,N,N,N,N,N,N,N,N,N,N
video4_sm480,0x00-00-0d-0a-00-00-00-00,,,N,Y,Y,N,,N,N,N,N,N,N,N,,N,N,N,,N,,N,N,N,N,Y,Y,N,Y,Y,,Y,Y,Y,Y,N,,N,,,,,,,,N,,,N,,,,N,,,,,,,,,N,N,N,N,N,N,N,N,N,N,N,N,N,N,N,N,N,N,N,N,N,N,N,N,N,N,N,N,N,N,N,N,N,N,N,N,N,N,N,N,N,N,N,N,N,N,N,N,N,N,N,N,N,N,N,N,N
video0_sm960,0x00-00-09-0b-00-00-00-00,,,N,Y,Y,N,,N,N,N,N,N,N,N,,N,N,N,,N,,N,N,N,N,Y,Y,N,Y,Y,,Y,Y,Y,Y,N,,N,,,,,,,,N,,,N,,,,N,,,,,,,,,N,N,N,N,N,N,N,N,N,N,N,N,N,N,N,N,N,N,N,N,N,N,N,N,N,N,N,N,N,N,N,N,N,N,N,N,N,N,N,N,N,N,N,N,N,N,N,N,N,N,N,N,N,N,N,N,N
video1_sm960,0x00-00-0a-0b-00-00-00-00,,,N,Y,Y,N,,N,N,N,N,N,N,N,,N,N,N,,N,,N,N,N,N,Y,Y,N,Y,Y,,Y,Y,Y,Y,N,,N,,,,,,,,N,,,N,,,,N,,,,,,,,,N,N,N,N,N,N,N,N,N,N,N,N,N,N,N,N,N,N,N,N,N,N,N,N,N,N,N,N,N,N,N,N,N,N,N,N,N,N,N,N,N,N,N,N,N,N,N,N,N,N,N,N,N,N,N,N,N
video2_sm960,0x00-00-0b-0b-00-00-00-00,,,N,Y,Y,N,,N,N,N,N,N,N,N,,N,N,N,,N,,N,N,N,N,Y,Y,N,Y,Y,,Y,Y,Y,Y,N,,N,,,,,,,,N,,,N,,,,N,,,,,,,,,N,N,N,N,N,N,N,N,N,N,N,N,N,N,N,N,N,N,N,N,N,N,N,N,N,N,N,N,N,N,N,N,N,N,N,N,N,N,N,N,N,N,N,N,N,N,N,N,N,N,N,N,N,N,N,N,N
video3_sm960,0x00-00-0c-0b-00-00-00-00,,,N,Y,Y,N,,N,N,N,N,N,N,N,,N,N,N,,N,,N,N,N,N,Y,Y,N,Y,Y,,Y,Y,Y,Y,N,,N,,,,,,,,N,,,N,,,,N,,,,,,,,,N,N,N,N,N,N,N,N,N,N,N,N,N,N,N,N,N,N,N,N,N,N,N,N,N,N,N,N,N,N,N,N,N,N,N,N,N,N,N,N,N,N,N,N,N,N,N,N,N,N,N,N,N,N,N,N,N
video4_sm960,0x00-00-0d-0b-00-00-00-00,,,N,Y,Y,N,,N,N,N,N,N,N,N,,N,N,N,,N,,N,N,N,N,Y,Y,N,Y,Y,,Y,Y,Y,Y,N,,N,,,,,,,,N,,,N,,,,N,,,,,,,,,N,N,N,N,N,N,N,N,N,N,N,N,N,N,N,N,N,N,N,N,N,N,N,N,N,N,N,N,N,N,N,N,N,N,N,N,N,N,N,N,N,N,N,N,N,N,N,N,N,N,N,N,N,N,N,N,N
prv0_flash_face,0x00-00-01-00-02-01-00-00,,N,N,Y,Y,N,N,N,N,N,N,N,N,N,,N,N,N,,N,,N,N,N,N,Y,Y,N,Y,Y,,Y,Y,Y,Y,N,N,N,N,N,N,N,,N,N,N,N,,N,,,,N,,,,,,,,,N,N,N,N,N,N,N,N,N,N,N,N,N,N,N,N,N,N,N,N,N,N,N,N,N,N,N,N,N,N,N,N,N,N,N,N,N,N,N,N,N,N,,N,N,N,N,N,N,N,N,N,N,N,N,N,N
prv1_flash_face,0x00-00-02-00-02-01-00-00,,N,N,Y,Y,N,N,N,N,N,N,N,N,N,,N,N,N,,N,,N,N,N,N,Y,Y,N,Y,Y,,Y,Y,Y,Y,N,N,N,N,N,N,N,,N,N,N,N,,N,,,,N,,,,,,,,,N,N,N,N,N,N,N,N,N,N,N,N,N,N,N,N,N,N,N,N,N,N,N,N,N,N,N,N,N,N,N,N,N,N,N,N,N,N,N,N,N,N,,N,N,N,N,N,N,N,N,N,N,N,N,N,N
prv2_flash_face,0x00-00-04-00-02-01-00-00,,N,N,Y,Y,N,N,N,N,N,N,N,N,N,,N,N,N,,N,,N,N,N,N,Y,Y,N,Y,Y,,Y,Y,Y,Y,N,N,N,N,N,N,N,,N,N,N,N,,N,,,,N,,,,,,,,,N,N,N,N,N,N,N,N,N,N,N,N,N,N,N,N,N,N,N,N,N,N,N,N,N,N,N,N,N,N,N,N,N,N,N,N,N,N,N,N,N,N,,N,N,N,N,N,N,N,N,N,N,N,N,N,N
prv3_flash_face,0x00-00-04-00-02-01-00-00,,N,N,Y,Y,N,N,N,N,N,N,N,N,N,,N,N,N,,N,,N,N,N,N,Y,Y,N,Y,Y,,Y,Y,Y,Y,N,N,N,N,N,N,N,,N,N,N,N,,N,,,,N,,,,,,,,,N,N,N,N,N,N,N,N,N,N,N,N,N,N,N,N,N,N,N,N,N,N,N,N,N,N,N,N,N,N,N,N,N,N,N,N,N,N,N,N,N,N,,N,N,N,N,N,N,N,N,N,N,N,N,N,N
cap0_flash_face,0x00-00-05-00-02-01-00-00,N,N,N,Y,Y,N,,N,N,N,N,N,N,N,N,N,N,N,,N,N,N,N,N,N,N,N,N,N,N,N,N,N,Y,Y,N,N,N,N,N,N,N,,N,N,N,N,N,N,,,,N,,N,,,,,,,N,N,N,N,N,N,N,N,N,N,N,N,N,N,,,,,,,,,,,,,,,,,,N,N,N,N,N,N,N,N,N,,,,N,N,N,,N,N,N,N,N,N,N,N,N,N
cap1_flash_face,0x00-00-06-00-02-01-00-00,N,N,N,Y,Y,N,,N,N,N,N,N,N,N,N,N,N,N,,N,N,N,N,N,N,N,N,N,N,N,N,N,N,Y,Y,N,N,N,N,N,N,N,,N,N,N,N,N,N,,,,N,,N,,,,,,,N,N,N,N,N,N,N,N,N,N,N,N,N,N,,,,,,,,,,,,,,,,,,N,N,N,N,N,N,N,N,N,,,,N,N,N,,N,N,N,N,N,N,N,N,N,N
cap2_flash_face,0x00-00-07-00-02-01-00-00,N,N,N,Y,Y,N,,N,N,N,N,N,N,N,N,N,N,N,,N,N,N,N,N,N,N,N,N,N,N,N,N,N,Y,Y,N,N,N,N,N,N,N,,N,N,N,N,N,N,,,,N,,N,,,,,,,N,N,N,N,N,N,N,N,N,N,N,N,N,N,,,,,,,,,,,,,,,,,,N,N,N,N,N,N,N,N,N,,,,N,N,N,,N,N,N,N,N,N,N,N,N,N
cap3_flash_face,0x00-00-08-00-02-01-00-00,N,N,N,Y,Y,N,,N,N,N,N,N,N,N,N,N,N,N,,N,N,N,N,N,N,N,N,N,N,N,N,N,N,Y,Y,N,N,N,N,N,N,N,,N,N,N,N,N,N,,,,N,,N,,,,,,,N,N,N,N,N,N,N,N,N,N,N,N,N,N,,,,,,,,,,,,,,,,,,N,N,N,N,N,N,N,N,N,,,,N,N,N,,N,N,N,N,N,N,N,N,N,N
prv0_filter,0x00-00-01-00-00-00-01-00,,N,N,Y,Y,N,N,N,N,N,N,N,N,N,,N,N,N,,N,,N,N,N,N,Y,Y,N,Y,Y,,Y,Y,Y,Y,N,N,N,N,N,N,N,,N,N,N,N,,N,,,,N,,,,,,,,,N,N,N,N,N,N,N,N,N,N,N,N,N,N,N,N,N,N,N,N,N,N,N,N,N,N,N,N,N,N,N,N,N,N,N,N,N,N,N,N,N,N,,N,N,N,N,N,N,N,N,N,N,N,N,N,N
prv1_filter,0x00-00-02-00-00-00-01-00,,N,N,Y,Y,N,N,N,N,N,N,N,N,N,,N,N,N,,N,,N,N,N,N,Y,Y,N,Y,Y,,Y,Y,Y,Y,N,N,N,N,N,N,N,,N,N,N,N,,N,,,,N,,,,,,,,,N,N,N,N,N,N,N,N,N,N,N,N,N,N,N,N,N,N,N,N,N,N,N,N,N,N,N,N,N,N,N,N,N,N,N,N,N,N,N,N,N,N,,N,N,N,N,N,N,N,N,N,N,N,N,N,N
prv2_filter,0x00-00-03-00-00-00-01-00,,N,N,Y,Y,N,N,N,N,N,N,N,N,N,,N,N,N,,N,,N,N,N,N,Y,Y,N,Y,Y,,Y,Y,Y,Y,N,N,N,N,N,N,N,,N,N,N,N,,N,,,,N,,,,,,,,,N,N,N,N,N,N,N,N,N,N,N,N,N,N,N,N,N,N,N,N,N,N,N,N,N,N,N,N,N,N,N,N,N,N,N,N,N,N,N,N,N,N,,N,N,N,N,N,N,N,N,N,N,N,N,N,N
prv3_filter,0x00-00-04-00-00-00-01-00,,N,N,Y,Y,N,N,N,N,N,N,N,N,N,,N,N,N,,N,,N,N,N,N,Y,Y,N,Y,Y,,Y,Y,Y,Y,N,N,N,N,N,N,N,,N,N,N,N,,N,,,,N,,,,,,,,,N,N,N,N,N,N,N,N,N,N,N,N,N,N,N,N,N,N,N,N,N,N,N,N,N,N,N,N,N,N,N,N,N,N,N,N,N,N,N,N,N,N,,N,N,N,N,N,N,N,N,N,N,N,N,N,N
cap0_filter,0x00-00-05-00-00-00-01-00,N,N,N,N,N,N,,N,N,N,N,N,N,N,N,N,N,N,N,N,N,N,N,N,N,N,N,N,N,N,,N,N,Y,Y,N,N,N,N,N,N,N,,N,N,N,N,N,N,,,,N,,N,,,,,,,N,N,N,N,N,N,N,N,N,N,N,N,N,N,,,,,,,,,,,,,,,,,,N,N,N,N,N,N,N,N,N,,,,N,N,N,,N,N,N,N,N,N,N,N,N,N
cap1_filter,0x00-00-06-00-00-00-01-00,N,N,N,N,N,N,,N,N,N,N,N,N,N,N,N,N,N,N,N,N,N,N,N,N,N,N,N,N,N,,N,N,Y,Y,N,N,N,N,N,N,N,,N,N,N,N,N,N,,,,N,,N,,,,,,,N,N,N,N,N,N,N,N,N,N,N,N,N,N,,,,,,,,,,,,,,,,,,N,N,N,N,N,N,N,N,N,,,,N,N,N,,N,N,N,N,N,N,N,N,N,N
cap2_filter,0x00-00-07-00-00-00-01-00,N,N,N,N,N,N,,N,N,N,N,N,N,N,N,N,N,N,N,N,N,N,N,N,N,N,N,N,N,N,,N,N,Y,Y,N,N,N,N,N,N,N,,N,N,N,N,N,N,,,,N,,N,,,,,,,N,N,N,N,N,N,N,N,N,N,N,N,N,N,,,,,,,,,,,,,,,,,,N,N,N,N,N,N,N,N,N,,,,N,N,N,,N,N,N,N,N,N,N,N,N,N
cap2_filter,0x00-00-08-00-00-00-01-00,N,N,N,N,N,N,,N,N,N,N,N,N,N,N,N,N,N,N,N,N,N,N,N,N,N,N,N,N,N,,N,N,Y,Y,N,N,N,N,N,N,N,,N,N,N,N,N,N,,,,N,,N,,,,,,,N,N,N,N,N,N,N,N,N,N,N,N,N,N,,,,,,,,,,,,,,,,,,N,N,N,N,N,N,N,N,N,,,,N,N,N,,N,N,N,N,N,N,N,N,N,N
prv0_facebeauty,0x00-00-01-00-00-00-02-00,,N,N,Y,Y,N,N,N,N,N,N,N,N,N,,N,N,N,,N,,N,N,N,N,Y,Y,N,Y,Y,,Y,Y,Y,Y,N,N,N,N,N,N,N,,N,N,N,N,,N,,,,N,,,,,,,,,N,N,N,N,N,N,N,N,N,N,N,N,N,N,N,N,N,N,N,N,N,N,N,N,N,N,N,N,N,N,N,N,N,N,N,N,N,N,N,N,N,N,,N,N,N,N,N,N,N,N,N,N,N,N,N,N
prv1_facebeauty,0x00-00-02-00-00-00-02-00,,N,N,Y,Y,N,N,N,N,N,N,N,N,N,,N,N,N,,N,,N,N,N,N,Y,Y,N,Y,Y,,Y,Y,Y,Y,N,N,N,N,N,N,N,,N,N,N,N,,N,,,,N,,,,,,,,,N,N,N,N,N,N,N,N,N,N,N,N,N,N,N,N,N,N,N,N,N,N,N,N,N,N,N,N,N,N,N,N,N,N,N,N,N,N,N,N,N,N,,N,N,N,N,N,N,N,N,N,N,N,N,N,N
prv2_facebeauty,0x00-00-03-00-00-00-02-00,,N,N,Y,Y,N,N,N,N,N,N,N,N,N,,N,N,N,,N,,N,N,N,N,Y,Y,N,Y,Y,,Y,Y,Y,Y,N,N,N,N,N,N,N,,N,N,N,N,,N,,,,N,,,,,,,,,N,N,N,N,N,N,N,N,N,N,N,N,N,N,N,N,N,N,N,N,N,N,N,N,N,N,N,N,N,N,N,N,N,N,N,N,N,N,N,N,N,N,,N,N,N,N,N,N,N,N,N,N,N,N,N,N
prv3_facebeauty,0x00-00-04-00-00-00-02-00,,N,N,Y,Y,N,N,N,N,N,N,N,N,N,,N,N,N,,N,,N,N,N,N,Y,Y,N,Y,Y,,Y,Y,Y,Y,N,N,N,N,N,N,N,,N,N,N,N,,N,,,,N,,,,,,,,,N,N,N,N,N,N,N,N,N,N,N,N,N,N,N,N,N,N,N,N,N,N,N,N,N,N,N,N,N,N,N,N,N,N,N,N,N,N,N,N,N,N,,N,N,N,N,N,N,N,N,N,N,N,N,N,N
cap0_facebeauty,0x00-00-05-00-00-00-02-00,N,N,N,N,N,N,,N,N,N,N,N,N,N,N,N,N,N,N,N,N,N,N,N,N,N,N,N,N,N,,N,N,Y,Y,N,N,N,N,N,N,N,,N,N,N,N,N,N,,,,N,,N,,,,,,,N,N,N,N,N,N,N,N,N,N,N,N,N,N,,,,,,,,,,,,,,,,,,N,N,N,N,N,N,N,N,N,,,,N,N,N,,N,N,N,N,N,N,N,N,N,N
cap1_facebeauty,0x00-00-06-00-00-00-02-00,N,N,N,N,N,N,,N,N,N,N,N,N,N,N,N,N,N,N,N,N,N,N,N,N,N,N,N,N,N,,N,N,Y,Y,N,N,N,N,N,N,N,,N,N,N,N,N,N,,,,N,,N,,,,,,,N,N,N,N,N,N,N,N,N,N,N,N,N,N,,,,,,,,,,,,,,,,,,N,N,N,N,N,N,N,N,N,,,,N,N,N,,N,N,N,N,N,N,N,N,N,N
cap2_facebeauty,0x00-00-07-00-00-00-02-00,N,N,N,N,N,N,,N,N,N,N,N,N,N,N,N,N,N,N,N,N,N,N,N,N,N,N,N,N,N,,N,N,Y,Y,N,N,N,N,N,N,N,,N,N,N,N,N,N,,,,N,,N,,,,,,,N,N,N,N,N,N,N,N,N,N,N,N,N,N,,,,,,,,,,,,,,,,,,N,N,N,N,N,N,N,N,N,,,,N,N,N,,N,N,N,N,N,N,N,N,N,N
cap3_facebeauty,0x00-00-08-00-00-00-02-00,N,N,N,N,N,N,,N,N,N,N,N,N,N,N,N,N,N,N,N,N,N,N,N,N,N,N,N,N,N,,N,N,Y,Y,N,N,N,N,N,N,N,,N,N,N,N,N,N,,,,N,,N,,,,,,,N,N,N,N,N,N,N,N,N,N,N,N,N,N,,,,,,,,,,,,,,,,,,N,N,N,N,N,N,N,N,N,,,,N,N,N,,N,N,N,N,N,N,N,N,N,N
prv0_qrcode,0x00-00-01-0e-00-00-00-00,,,N,Y,Y,N,,N,N,N,N,N,N,N,,N,N,N,,N,,N,N,N,N,Y,Y,N,Y,Y,,Y,Y,Y,Y,N,,N,,,,,,,,N,,,N,,,,N,,,,,,,,,N,N,N,N,N,N,N,N,N,N,N,N,N,N,N,N,N,N,N,N,N,N,N,N,N,N,N,N,N,N,N,N,N,N,N,N,N,N,N,N,N,N,N,N,N,N,N,N,N,N,N,N,N,N,N,N,N
prv1_qrcode,0x00-00-02-0e-00-00-00-00,,,N,Y,Y,N,,N,N,N,N,N,N,N,,N,N,N,,N,,N,N,N,N,Y,Y,N,Y,Y,,Y,Y,Y,Y,N,,N,,,,,,,,N,,,N,,,,N,,,,,,,,,N,N,N,N,N,N,N,N,N,N,N,N,N,N,N,N,N,N,N,N,N,N,N,N,N,N,N,N,N,N,N,N,N,N,N,N,N,N,N,N,N,N,N,N,N,N,N,N,N,N,N,N,N,N,N,N,N
prv2_qrcode,0x00-00-03-0e-00-00-00-00,,,N,Y,Y,N,,N,N,N,N,N,N,N,,N,N,N,,N,,N,N,N,N,Y,Y,N,Y,Y,,Y,Y,Y,Y,N,,N,,,,,,,,N,,,N,,,,N,,,,,,,,,N,N,N,N,N,N,N,N,N,N,N,N,N,N,N,N,N,N,N,N,N,N,N,N,N,N,N,N,N,N,N,N,N,N,N,N,N,N,N,N,N,N,N,N,N,N,N,N,N,N,N,N,N,N,N,N,N
prv3_qrcode,0x00-00-04-0e-00-00-00-00,,,N,Y,Y,N,,N,N,N,N,N,N,N,,N,N,N,,N,,N,N,N,N,Y,Y,N,Y,Y,,Y,Y,Y,Y,N,,N,,,,,,,,N,,,N,,,,N,,,,,,,,,N,N,N,N,N,N,N,N,N,N,N,N,N,N,N,N,N,N,N,N,N,N,N,N,N,N,N,N,N,N,N,N,N,N,N,N,N,N,N,N,N,N,N,N,N,N,N,N,N,N,N,N,N,N,N,N,N
cap0_qrcode,0x00-00-05-0e-00-00-00-00,N,N,N,N,N,N,N,N,N,N,N,N,N,N,N,N,N,N,N,N,N,N,N,N,N,N,N,N,N,N,,N,N,Y,Y,,N,N,N,N,N,N,,N,N,N,N,N,N,,,,N,,N,,,,,,,N,N,,,,N,N,N,N,N,N,N,N,N,,,,,,,,,,,,,,,,,,N,N,N,N,N,N,N,N,N,,,N,N,N,N,,N,N,N,N,N,N,N,N,N,N
cap1_qrcode,0x00-00-06-0e-00-00-00-00,N,N,N,N,N,N,N,N,N,N,N,N,N,N,N,N,N,N,N,N,N,N,N,N,N,N,N,N,N,N,,N,N,Y,Y,,N,N,N,N,N,N,,N,N,N,N,N,N,,,,N,,N,,,,,,,N,N,,,,N,N,N,N,N,N,N,N,N,,,,,,,,,,,,,,,,,,N,N,N,N,N,N,N,N,N,,,N,N,N,N,,N,N,N,N,N,N,N,N,N,N
cap2_qrcode,0x00-00-07-0e-00-00-00-00,N,N,N,N,N,N,N,N,N,N,N,N,N,N,N,N,N,N,N,N,N,N,N,N,N,N,N,N,N,N,,N,N,Y,Y,,N,N,N,N,N,N,,N,N,N,N,N,N,,,,N,,N,,,,,,,N,N,,,,N,N,N,N,N,N,N,N,N,,,,,,,,,,,,,,,,,,N,N,N,N,N,N,N,N,N,,,N,N,N,N,,N,N,N,N,N,N,N,N,N,N
cap3_qrcode,0x00-00-08-0e-00-00-00-00,N,N,N,N,N,N,N,N,N,N,N,N,N,N,N,N,N,N,N,N,N,N,N,N,N,N,N,N,N,N,,N,N,Y,Y,,N,N,N,N,N,N,,N,N,N,N,N,N,,,,N,,N,,,,,,,N,N,,,,N,N,N,N,N,N,N,N,N,,,,,,,,,,,,,,,,,,N,N,N,N,N,N,N,N,N,,,N,N,N,N,,N,N,N,N,N,N,N,N,N,N
prv0_faceid,0x00-00-01-0f-00-00-00-00,,,N,Y,Y,N,,N,N,N,N,N,N,N,,N,N,N,,N,,N,N,N,N,Y,Y,N,Y,Y,,Y,Y,Y,Y,N,,N,,,,,,,,N,,,N,,,,N,,,,,,,,,N,N,N,N,N,N,N,N,N,N,N,N,N,N,N,N,N,N,N,N,N,N,N,N,N,N,N,N,N,N,N,N,N,N,N,N,N,N,N,N,N,N,N,N,N,N,N,N,N,N,N,N,N,N,N,N,N
prv1_faceid,0x00-00-02-0f-00-00-00-00,,,N,Y,Y,N,,N,N,N,N,N,N,N,,N,N,N,,N,,N,N,N,N,Y,Y,N,Y,Y,,Y,Y,Y,Y,N,,N,,,,,,,,N,,,N,,,,N,,,,,,,,,N,N,N,N,N,N,N,N,N,N,N,N,N,N,N,N,N,N,N,N,N,N,N,N,N,N,N,N,N,N,N,N,N,N,N,N,N,N,N,N,N,N,N,N,N,N,N,N,N,N,N,N,N,N,N,N,N
prv2_faceid,0x00-00-03-0f-00-00-00-00,,,N,Y,Y,N,,N,N,N,N,N,N,N,,N,N,N,,N,,N,N,N,N,Y,Y,N,Y,Y,,Y,Y,Y,Y,N,,N,,,,,,,,N,,,N,,,,N,,,,,,,,,N,N,N,N,N,N,N,N,N,N,N,N,N,N,N,N,N,N,N,N,N,N,N,N,N,N,N,N,N,N,N,N,N,N,N,N,N,N,N,N,N,N,N,N,N,N,N,N,N,N,N,N,N,N,N,N,N
prv3_faceid,0x00-00-04-0f-00-00-00-00,,,N,Y,Y,N,,N,N,N,N,N,N,N,,N,N,N,,N,,N,N,N,N,Y,Y,N,Y,Y,,Y,Y,Y,Y,N,,N,,,,,,,,N,,,N,,,,N,,,,,,,,,N,N,N,N,N,N,N,N,N,N,N,N,N,N,N,N,N,N,N,N,N,N,N,N,N,N,N,N,N,N,N,N,N,N,N,N,N,N,N,N,N,N,N,N,N,N,N,N,N,N,N,N,N,N,N,N,N
cap0_faceid,0x00-00-05-0f-00-00-00-00,N,N,N,N,N,N,N,N,N,N,N,N,N,N,N,N,N,N,N,N,N,N,N,N,N,N,N,N,N,N,,N,N,Y,Y,,N,N,N,N,N,N,,N,N,N,N,N,N,,,,N,,N,,,,,,,N,N,,,,N,N,N,N,N,N,N,N,N,,,,,,,,,,,,,,,,,,N,N,N,N,N,N,N,N,N,,,N,N,N,N,,N,N,N,N,N,N,N,N,N,N
cap1_faceid,0x00-00-06-0f-00-00-00-00,N,N,N,N,N,N,N,N,N,N,N,N,N,N,N,N,N,N,N,N,N,N,N,N,N,N,N,N,N,N,,N,N,Y,Y,,N,N,N,N,N,N,,N,N,N,N,N,N,,,,N,,N,,,,,,,N,N,,,,N,N,N,N,N,N,N,N,N,,,,,,,,,,,,,,,,,,N,N,N,N,N,N,N,N,N,,,N,N,N,N,,N,N,N,N,N,N,N,N,N,N
cap2_faceid,0x00-00-07-0f-00-00-00-00,N,N,N,N,N,N,N,N,N,N,N,N,N,N,N,N,N,N,N,N,N,N,N,N,N,N,N,N,N,N,,N,N,Y,Y,,N,N,N,N,N,N,,N,N,N,N,N,N,,,,N,,N,,,,,,,N,N,,,,N,N,N,N,N,N,N,N,N,,,,,,,,,,,,,,,,,,N,N,N,N,N,N,N,N,N,,,N,N,N,N,,N,N,N,N,N,N,N,N,N,N
cap3_faceid,0x00-00-08-0f-00-00-00-00,N,N,N,N,N,N,N,N,N,N,N,N,N,N,N,N,N,N,N,N,N,N,N,N,N,N,N,N,N,N,,N,N,Y,Y,,N,N,N,N,N,N,,N,N,N,N,N,N,,,,N,,N,,,,,,,N,N,,,,N,N,N,N,N,N,N,N,N,,,,,,,,,,,,,,,,,,N,N,N,N,N,N,N,N,N,,,N,N,N,N,,N,N,N,N,N,N,N,N,N,N
wechat_prv0,0x00-01-01-00-00-00-00-00,,,N,Y,Y,N,,N,N,N,N,N,N,N,,N,N,N,,N,,N,N,N,N,Y,Y,N,Y,Y,,Y,Y,Y,Y,N,,N,,,,,,,,N,,,N,,,,N,,,,,,,,,N,N,N,N,N,N,N,N,N,N,N,N,N,N,N,N,N,N,N,N,N,N,N,N,N,N,N,N,N,N,N,N,N,N,N,N,N,N,N,N,N,N,N,N,N,N,N,N,N,N,N,N,N,N,N,N,N
wechat_prv1,0x00-01-02-00-00-00-00-00,,,N,Y,Y,N,,N,N,N,N,N,N,N,,N,N,N,,N,,N,N,N,N,Y,Y,N,Y,Y,,Y,Y,Y,Y,N,,N,,,,,,,,N,,,N,,,,N,,,,,,,,,N,N,N,N,N,N,N,N,N,N,N,N,N,N,N,N,N,N,N,N,N,N,N,N,N,N,N,N,N,N,N,N,N,N,N,N,N,N,N,N,N,N,N,N,N,N,N,N,N,N,N,N,N,N,N,N,N
wechat_prv2,0x00-01-03-00-00-00-00-00,,,N,Y,Y,N,,N,N,N,N,N,N,N,,N,N,N,,N,,N,N,N,N,Y,Y,N,Y,Y,,Y,Y,Y,Y,N,,N,,,,,,,,N,,,N,,,,N,,,,,,,,,N,N,N,N,N,N,N,N,N,N,N,N,N,N,N,N,N,N,N,N,N,N,N,N,N,N,N,N,N,N,N,N,N,N,N,N,N,N,N,N,N,N,N,N,N,N,N,N,N,N,N,N,N,N,N,N,N
wechat_prv0_face,0x00-01-01-00-00-01-00-00,,N,N,Y,Y,N,N,N,N,N,N,N,N,N,,N,N,N,,N,,N,N,N,N,Y,Y,N,Y,Y,,Y,Y,Y,Y,N,N,N,N,N,N,N,,N,N,N,N,,N,,,,N,,,,,,,,,N,N,N,N,N,N,N,N,N,N,N,N,N,N,N,N,N,N,N,N,N,N,N,N,N,N,N,N,N,N,N,N,N,N,N,N,N,N,N,N,N,N,N,N,N,N,N,N,N,N,N,N,N,N,N,N,N
wechat_prv1_face,0x00-01-02-00-00-01-00-00,,N,N,Y,Y,N,N,N,N,N,N,N,N,N,,N,N,N,,N,,N,N,N,N,Y,Y,N,Y,Y,,Y,Y,Y,Y,N,N,N,N,N,N,N,,N,N,N,N,,N,,,,N,,,,,,,,,N,N,N,N,N,N,N,N,N,N,N,N,N,N,N,N,N,N,N,N,N,N,N,N,N,N,N,N,N,N,N,N,N,N,N,N,N,N,N,N,N,N,N,N,N,N,N,N,N,N,N,N,N,N,N,N,N
wechat_prv2_face,0x00-01-03-00-00-01-00-00,,N,N,Y,Y,N,N,N,N,N,N,N,N,N,,N,N,N,,N,,N,N,N,N,Y,Y,N,Y,Y,,Y,Y,Y,Y,N,N,N,N,N,N,N,,N,N,N,N,,N,,,,N,,,,,,,,,N,N,N,N,N,N,N,N,N,N,N,N,N,N,N,N,N,N,N,N,N,N,N,N,N,N,N,N,N,N,N,N,N,N,N,N,N,N,N,N,N,N,N,N,N,N,N,N,N,N,N,N,N,N,N,N,N
wechat_cap0,0x00-01-05-00-00-00-00-00,N,N,N,N,N,N,N,N,N,N,N,N,N,N,N,N,N,N,N,N,N,N,N,N,N,N,N,N,N,N,,N,N,Y,Y,,N,N,N,N,N,N,,N,N,N,N,N,N,,,,N,,N,,,,,,,N,N,,,,N,N,N,N,N,N,N,N,N,N,N,N,N,N,N,N,N,N,N,N,N,N,N,N,N,N,N,N,N,N,N,N,N,N,N,,,N,N,N,N,,N,N,N,N,N,N,N,N,N,N
wechat_cap1,0x00-01-06-00-00-00-00-00,N,N,N,N,N,N,N,N,N,N,N,N,N,N,N,N,N,N,N,N,N,N,N,N,N,N,N,N,N,N,,N,N,Y,Y,,N,N,N,N,N,N,,N,N,N,N,N,N,,,,N,,N,,,,,,,N,N,,,,N,N,N,N,N,N,N,N,N,N,N,N,N,N,N,N,N,N,N,N,N,N,N,N,N,N,N,N,N,N,N,N,N,N,N,,,N,N,N,N,,N,N,N,N,N,N,N,N,N,N
wechat_cap2,0x00-01-07-00-00-00-00-00,N,N,N,N,N,N,N,N,N,N,N,N,N,N,N,N,N,N,N,N,N,N,N,N,N,N,N,N,N,N,,N,N,Y,Y,,N,N,N,N,N,N,,N,N,N,N,N,N,,,,N,,N,,,,,,,N,N,,,,N,N,N,N,N,N,N,N,N,N,N,N,N,N,N,N,N,N,N,N,N,N,N,N,N,N,N,N,N,N,N,N,N,N,N,,,N,N,N,N,,N,N,N,N,N,N,N,N,N,N
wechat_cap0_face,0x00-01-05-00-00-01-00-00,N,N,N,N,N,N,,N,N,N,N,N,N,N,N,N,N,N,N,N,N,N,N,N,N,N,N,N,N,N,,N,N,Y,Y,N,N,N,N,N,N,N,,N,N,N,N,N,N,,,,N,,N,,,,,,,N,N,N,N,N,N,N,N,N,N,N,N,N,N,N,N,N,N,N,N,N,N,N,N,N,N,N,N,N,N,N,N,N,N,N,N,N,N,N,N,,,N,N,N,N,,N,N,N,N,N,N,N,N,N,N
wechat_cap1_face,0x00-01-06-00-00-01-00-00,N,N,N,N,N,N,,N,N,N,N,N,N,N,N,N,N,N,N,N,N,N,N,N,N,N,N,N,N,N,,N,N,Y,Y,N,N,N,N,N,N,N,,N,N,N,N,N,N,,,,N,,N,,,,,,,N,N,N,N,N,N,N,N,N,N,N,N,N,N,N,N,N,N,N,N,N,N,N,N,N,N,N,N,N,N,N,N,N,N,N,N,N,N,N,N,,,N,N,N,N,,N,N,N,N,N,N,N,N,N,N
wechat_cap2_face,0x00-01-07-00-00-01-00-00,N,N,N,N,N,N,,N,N,N,N,N,N,N,N,N,N,N,N,N,N,N,N,N,N,N,N,N,N,N,,N,N,Y,Y,N,N,N,N,N,N,N,,N,N,N,N,N,N,,,,N,,N,,,,,,,N,N,N,N,N,N,N,N,N,N,N,N,N,N,N,N,N,N,N,N,N,N,N,N,N,N,N,N,N,N,N,N,N,N,N,N,N,N,N,N,,,N,N,N,N,,N,N,N,N,N,N,N,N,N,N
wechat_video0,0x00-01-09-00-00-00-00-00,,,N,Y,Y,N,,N,N,N,N,N,N,N,,N,N,N,,N,,N,N,N,N,Y,Y,N,Y,Y,,Y,Y,Y,Y,N,,N,,,,,,,,N,,,N,,,,N,,,,,,,,,N,N,N,N,N,N,N,N,N,N,N,N,N,N,N,N,N,N,N,N,N,N,N,N,N,N,N,N,N,N,N,N,N,N,N,N,N,N,N,N,N,N,N,N,N,N,N,N,N,N,N,N,N,N,N,N,N
wechat_video1,0x00-01-0a-00-00-00-00-00,,,N,Y,Y,N,,N,N,N,N,N,N,N,,N,N,N,,N,,N,N,N,N,Y,Y,N,Y,Y,,Y,Y,Y,Y,N,,N,,,,,,,,N,,,N,,,,N,,,,,,,,,N,N,N,N,N,N,N,N,N,N,N,N,N,N,N,N,N,N,N,N,N,N,N,N,N,N,N,N,N,N,N,N,N,N,N,N,N,N,N,N,N,N,N,N,N,N,N,N,N,N,N,N,N,N,N,N,N
wechat_video2,0x00-01-0b-00-00-00-00-00,,,N,Y,Y,N,,N,N,N,N,N,N,N,,N,N,N,,N,,N,N,N,N,Y,Y,N,Y,Y,,Y,Y,Y,Y,N,,N,,,,,,,,N,,,N,,,,N,,,,,,,,,N,N,N,N,N,N,N,N,N,N,N,N,N,N,N,N,N,N,N,N,N,N,N,N,N,N,N,N,N,N,N,N,N,N,N,N,N,N,N,N,N,N,N,N,N,N,N,N,N,N,N,N,N,N,N,N,N
qq_prv0,0x00-02-01-00-00-00-00-00,,,N,Y,Y,N,,N,N,N,N,N,N,N,,N,N,N,,N,,N,N,N,N,Y,Y,N,Y,Y,,Y,Y,Y,Y,N,,N,,,,,,,,N,,,N,,,,N,,,,,,,,,N,N,N,N,N,N,N,N,N,N,N,N,N,N,N,N,N,N,N,N,N,N,N,N,N,N,N,N,N,N,N,N,N,N,N,N,N,N,N,N,N,N,N,N,N,N,N,N,N,N,N,N,N,N,N,N,N
qq_prv1,0x00-02-02-00-00-00-00-00,,,N,Y,Y,N,,N,N,N,N,N,N,N,,N,N,N,,N,,N,N,N,N,Y,Y,N,Y,Y,,Y,Y,Y,Y,N,,N,,,,,,,,N,,,N,,,,N,,,,,,,,,N,N,N,N,N,N,N,N,N,N,N,N,N,N,N,N,N,N,N,N,N,N,N,N,N,N,N,N,N,N,N,N,N,N,N,N,N,N,N,N,N,N,N,N,N,N,N,N,N,N,N,N,N,N,N,N,N
qq_prv2,0x00-02-03-00-00-00-00-00,,,N,Y,Y,N,,N,N,N,N,N,N,N,,N,N,N,,N,,N,N,N,N,Y,Y,N,Y,Y,,Y,Y,Y,Y,N,,N,,,,,,,,N,,,N,,,,N,,,,,,,,,N,N,N,N,N,N,N,N,N,N,N,N,N,N,N,N,N,N,N,N,N,N,N,N,N,N,N,N,N,N,N,N,N,N,N,N,N,N,N,N,N,N,N,N,N,N,N,N,N,N,N,N,N,N,N,N,N
qq_prv0_face,0x00-02-01-00-00-01-00-00,,N,N,Y,Y,N,N,N,N,N,N,N,N,N,,N,N,N,,N,,N,N,N,N,Y,Y,N,Y,Y,,Y,Y,Y,Y,N,N,N,N,N,N,N,,N,N,N,N,,N,,,,N,,,,,,,,,N,N,N,N,N,N,N,N,N,N,N,N,N,N,N,N,N,N,N,N,N,N,N,N,N,N,N,N,N,N,N,N,N,N,N,N,N,N,N,N,N,N,N,N,N,N,N,N,N,N,N,N,N,N,N,N,N
qq_prv1_face,0x00-02-02-00-00-01-00-00,,N,N,Y,Y,N,N,N,N,N,N,N,N,N,,N,N,N,,N,,N,N,N,N,Y,Y,N,Y,Y,,Y,Y,Y,Y,N,N,N,N,N,N,N,,N,N,N,N,,N,,,,N,,,,,,,,,N,N,N,N,N,N,N,N,N,N,N,N,N,N,N,N,N,N,N,N,N,N,N,N,N,N,N,N,N,N,N,N,N,N,N,N,N,N,N,N,N,N,N,N,N,N,N,N,N,N,N,N,N,N,N,N,N
qq_prv2_face,0x00-02-03-00-00-01-00-00,,N,N,Y,Y,N,N,N,N,N,N,N,N,N,,N,N,N,,N,,N,N,N,N,Y,Y,N,Y,Y,,Y,Y,Y,Y,N,N,N,N,N,N,N,,N,N,N,N,,N,,,,N,,,,,,,,,N,N,N,N,N,N,N,N,N,N,N,N,N,N,N,N,N,N,N,N,N,N,N,N,N,N,N,N,N,N,N,N,N,N,N,N,N,N,N,N,N,N,N,N,N,N,N,N,N,N,N,N,N,N,N,N,N
qq_cap0,0x00-02-05-00-00-00-00-00,N,N,N,N,N,N,N,N,N,N,N,N,N,N,N,N,N,N,N,N,N,N,N,N,N,N,N,N,N,N,,N,N,Y,Y,,N,N,N,N,N,N,,N,N,N,N,N,N,,,,N,,N,,,,,,,N,N,,,,N,N,N,N,N,N,N,N,N,N,N,N,N,N,N,N,N,N,N,N,N,N,N,N,N,N,N,N,N,N,N,N,N,N,N,,,N,N,N,N,,N,N,N,N,N,N,N,N,N,N
qq_cap1,0x00-02-06-00-00-00-00-00,N,N,N,N,N,N,N,N,N,N,N,N,N,N,N,N,N,N,N,N,N,N,N,N,N,N,N,N,N,N,,N,N,Y,Y,,N,N,N,N,N,N,,N,N,N,N,N,N,,,,N,,N,,,,,,,N,N,,,,N,N,N,N,N,N,N,N,N,N,N,N,N,N,N,N,N,N,N,N,N,N,N,N,N,N,N,N,N,N,N,N,N,N,N,,,N,N,N,N,,N,N,N,N,N,N,N,N,N,N
qq_cap2,0x00-02-07-00-00-00-00-00,N,N,N,N,N,N,N,N,N,N,N,N,N,N,N,N,N,N,N,N,N,N,N,N,N,N,N,N,N,N,,N,N,Y,Y,,N,N,N,N,N,N,,N,N,N,N,N,N,,,,N,,N,,,,,,,N,N,,,,N,N,N,N,N,N,N,N,N,N,N,N,N,N,N,N,N,N,N,N,N,N,N,N,N,N,N,N,N,N,N,N,N,N,N,,,N,N,N,N,,N,N,N,N,N,N,N,N,N,N
qq_cap0_face,0x00-02-05-00-00-01-00-00,N,N,N,N,N,N,,N,N,N,N,N,N,N,N,N,N,N,N,N,N,N,N,N,N,N,N,N,N,N,,N,N,Y,Y,N,N,N,N,N,N,N,,N,N,N,N,N,N,,,,N,,N,,,,,,,N,N,N,N,N,N,N,N,N,N,N,N,N,N,N,N,N,N,N,N,N,N,N,N,N,N,N,N,N,N,N,N,N,N,N,N,N,N,N,N,,,N,N,N,N,,N,N,N,N,N,N,N,N,N,N
qq_cap1_face,0x00-02-06-00-00-01-00-00,N,N,N,N,N,N,,N,N,N,N,N,N,N,N,N,N,N,N,N,N,N,N,N,N,N,N,N,N,N,,N,N,Y,Y,N,N,N,N,N,N,N,,N,N,N,N,N,N,,,,N,,N,,,,,,,N,N,N,N,N,N,N,N,N,N,N,N,N,N,N,N,N,N,N,N,N,N,N,N,N,N,N,N,N,N,N,N,N,N,N,N,N,N,N,N,,,N,N,N,N,,N,N,N,N,N,N,N,N,N,N
qq_cap2_face,0x00-02-07-00-00-01-00-00,N,N,N,N,N,N,,N,N,N,N,N,N,N,N,N,N,N,N,N,N,N,N,N,N,N,N,N,N,N,,N,N,Y,Y,N,N,N,N,N,N,N,,N,N,N,N,N,N,,,,N,,N,,,,,,,N,N,N,N,N,N,N,N,N,N,N,N,N,N,N,N,N,N,N,N,N,N,N,N,N,N,N,N,N,N,N,N,N,N,N,N,N,N,N,N,,,N,N,N,N,,N,N,N,N,N,N,N,N,N,N
qq_video0,0x00-02-09-00-00-00-00-00,,,N,Y,Y,N,,N,N,N,N,N,N,N,,N,N,N,,N,,N,N,N,N,Y,Y,N,Y,Y,,Y,Y,Y,Y,N,,N,,,,,,,,N,,,N,,,,N,,,,,,,,,N,N,N,N,N,N,N,N,N,N,N,N,N,N,N,N,N,N,N,N,N,N,N,N,N,N,N,N,N,N,N,N,N,N,N,N,N,N,N,N,N,N,N,N,N,N,N,N,N,N,N,N,N,N,N,N,N
qq_video1,0x00-02-0a-00-00-00-00-00,,,N,Y,Y,N,,N,N,N,N,N,N,N,,N,N,N,,N,,N,N,N,N,Y,Y,N,Y,Y,,Y,Y,Y,Y,N,,N,,,,,,,,N,,,N,,,,N,,,,,,,,,N,N,N,N,N,N,N,N,N,N,N,N,N,N,N,N,N,N,N,N,N,N,N,N,N,N,N,N,N,N,N,N,N,N,N,N,N,N,N,N,N,N,N,N,N,N,N,N,N,N,N,N,N,N,N,N,N
qq_video2,0x00-02-0b-00-00-00-00-00,,,N,Y,Y,N,,N,N,N,N,N,N,N,,N,N,N,,N,,N,N,N,N,Y,Y,N,Y,Y,,Y,Y,Y,Y,N,,N,,,,,,,,N,,,N,,,,N,,,,,,,,,N,N,N,N,N,N,N,N,N,N,N,N,N,N,N,N,N,N,N,N,N,N,N,N,N,N,N,N,N,N,N,N,N,N,N,N,N,N,N,N,N,N,N,N,N,N,N,N,N,N,N,N,N,N,N,N,N
tiktok_prv0,0x00-03-01-00-00-00-00-00,,,N,Y,Y,N,,N,N,N,N,N,N,N,,N,N,N,,N,,N,N,N,N,Y,Y,N,Y,Y,,Y,Y,Y,Y,N,,N,,,,,,,,N,,,N,,,,N,,,,,,,,,N,N,N,N,N,N,N,N,N,N,N,N,N,N,N,N,N,N,N,N,N,N,N,N,N,N,N,N,N,N,N,N,N,N,N,N,N,N,N,N,N,N,N,N,N,N,N,N,N,N,N,N,N,N,N,N,N
tiktok_prv1,0x00-03-02-00-00-00-00-00,,,N,Y,Y,N,,N,N,N,N,N,N,N,,N,N,N,,N,,N,N,N,N,Y,Y,N,Y,Y,,Y,Y,Y,Y,N,,N,,,,,,,,N,,,N,,,,N,,,,,,,,,N,N,N,N,N,N,N,N,N,N,N,N,N,N,N,N,N,N,N,N,N,N,N,N,N,N,N,N,N,N,N,N,N,N,N,N,N,N,N,N,N,N,N,N,N,N,N,N,N,N,N,N,N,N,N,N,N
tiktok_prv2,0x00-03-03-00-00-00-00-00,,,N,Y,Y,N,,N,N,N,N,N,N,N,,N,N,N,,N,,N,N,N,N,Y,Y,N,Y,Y,,Y,Y,Y,Y,N,,N,,,,,,,,N,,,N,,,,N,,,,,,,,,N,N,N,N,N,N,N,N,N,N,N,N,N,N,N,N,N,N,N,N,N,N,N,N,N,N,N,N,N,N,N,N,N,N,N,N,N,N,N,N,N,N,N,N,N,N,N,N,N,N,N,N,N,N,N,N,N
tiktok_prv0_face,0x00-03-01-00-00-01-00-00,,N,N,Y,Y,N,N,N,N,N,N,N,N,N,,N,N,N,,N,,N,N,N,N,Y,Y,N,Y,Y,,Y,Y,Y,Y,N,N,N,N,N,N,N,,N,N,N,N,,N,,,,N,,,,,,,,,N,N,N,N,N,N,N,N,N,N,N,N,N,N,N,N,N,N,N,N,N,N,N,N,N,N,N,N,N,N,N,N,N,N,N,N,N,N,N,N,N,N,N,N,N,N,N,N,N,N,N,N,N,N,N,N,N
tiktok_prv1_face,0x00-03-02-00-00-01-00-00,,N,N,Y,Y,N,N,N,N,N,N,N,N,N,,N,N,N,,N,,N,N,N,N,Y,Y,N,Y,Y,,Y,Y,Y,Y,N,N,N,N,N,N,N,,N,N,N,N,,N,,,,N,,,,,,,,,N,N,N,N,N,N,N,N,N,N,N,N,N,N,N,N,N,N,N,N,N,N,N,N,N,N,N,N,N,N,N,N,N,N,N,N,N,N,N,N,N,N,N,N,N,N,N,N,N,N,N,N,N,N,N,N,N
tiktok_prv2_face,0x00-03-03-00-00-01-00-00,,N,N,Y,Y,N,N,N,N,N,N,N,N,N,,N,N,N,,N,,N,N,N,N,Y,Y,N,Y,Y,,Y,Y,Y,Y,N,N,N,N,N,N,N,,N,N,N,N,,N,,,,N,,,,,,,,,N,N,N,N,N,N,N,N,N,N,N,N,N,N,N,N,N,N,N,N,N,N,N,N,N,N,N,N,N,N,N,N,N,N,N,N,N,N,N,N,N,N,N,N,N,N,N,N,N,N,N,N,N,N,N,N,N
tiktok_cap0,0x00-03-05-00-00-00-00-00,N,N,N,N,N,N,N,N,N,N,N,N,N,N,N,N,N,N,N,N,N,N,N,N,N,N,N,N,N,N,,N,N,Y,Y,,N,N,N,N,N,N,,N,N,N,N,N,N,,,,N,,N,,,,,,,N,N,,,,N,N,N,N,N,N,N,N,N,N,N,N,N,N,N,N,N,N,N,N,N,N,N,N,N,N,N,N,N,N,N,N,N,N,N,,,N,N,N,N,,N,N,N,N,N,N,N,N,N,N
tiktok_cap1,0x00-03-06-00-00-00-00-00,N,N,N,N,N,N,N,N,N,N,N,N,N,N,N,N,N,N,N,N,N,N,N,N,N,N,N,N,N,N,,N,N,Y,Y,,N,N,N,N,N,N,,N,N,N,N,N,N,,,,N,,N,,,,,,,N,N,,,,N,N,N,N,N,N,N,N,N,N,N,N,N,N,N,N,N,N,N,N,N,N,N,N,N,N,N,N,N,N,N,N,N,N,N,,,N,N,N,N,,N,N,N,N,N,N,N,N,N,N
tiktok_cap2,0x00-03-07-00-00-00-00-00,N,N,N,N,N,N,N,N,N,N,N,N,N,N,N,N,N,N,N,N,N,N,N,N,N,N,N,N,N,N,,N,N,Y,Y,,N,N,N,N,N,N,,N,N,N,N,N,N,,,,N,,N,,,,,,,N,N,,,,N,N,N,N,N,N,N,N,N,N,N,N,N,N,N,N,N,N,N,N,N,N,N,N,N,N,N,N,N,N,N,N,N,N,N,,,N,N,N,N,,N,N,N,N,N,N,N,N,N,N
tiktok_cap0_face,0x00-03-05-00-00-01-00-00,N,N,N,N,N,N,,N,N,N,N,N,N,N,N,N,N,N,N,N,N,N,N,N,N,N,N,N,N,N,,N,N,Y,Y,N,N,N,N,N,N,N,,N,N,N,N,N,N,,,,N,,N,,,,,,,N,N,N,N,N,N,N,N,N,N,N,N,N,N,N,N,N,N,N,N,N,N,N,N,N,N,N,N,N,N,N,N,N,N,N,N,N,N,N,N,,,N,N,N,N,,N,N,N,N,N,N,N,N,N,N
tiktok_cap1_face,0x00-03-06-00-00-01-00-00,N,N,N,N,N,N,,N,N,N,N,N,N,N,N,N,N,N,N,N,N,N,N,N,N,N,N,N,N,N,,N,N,Y,Y,N,N,N,N,N,N,N,,N,N,N,N,N,N,,,,N,,N,,,,,,,N,N,N,N,N,N,N,N,N,N,N,N,N,N,N,N,N,N,N,N,N,N,N,N,N,N,N,N,N,N,N,N,N,N,N,N,N,N,N,N,,,N,N,N,N,,N,N,N,N,N,N,N,N,N,N
tiktok_cap2_face,0x00-03-07-00-00-01-00-00,N,N,N,N,N,N,,N,N,N,N,N,N,N,N,N,N,N,N,N,N,N,N,N,N,N,N,N,N,N,,N,N,Y,Y,N,N,N,N,N,N,N,,N,N,N,N,N,N,,,,N,,N,,,,,,,N,N,N,N,N,N,N,N,N,N,N,N,N,N,N,N,N,N,N,N,N,N,N,N,N,N,N,N,N,N,N,N,N,N,N,N,N,N,N,N,,,N,N,N,N,,N,N,N,N,N,N,N,N,N,N
tiktok_video0,0x00-03-09-00-00-00-00-00,,,N,Y,Y,N,,N,N,N,N,N,N,N,,N,N,N,,N,,N,N,N,N,Y,Y,N,Y,Y,,Y,Y,Y,Y,N,,N,,,,,,,,N,,,N,,,,N,,,,,,,,,N,N,N,N,N,N,N,N,N,N,N,N,N,N,N,N,N,N,N,N,N,N,N,N,N,N,N,N,N,N,N,N,N,N,N,N,N,N,N,N,N,N,N,N,N,N,N,N,N,N,N,N,N,N,N,N,N
tiktok_video1,0x00-03-0a-00-00-00-00-00,,,N,Y,Y,N,,N,N,N,N,N,N,N,,N,N,N,,N,,N,N,N,N,Y,Y,N,Y,Y,,Y,Y,Y,Y,N,,N,,,,,,,,N,,,N,,,,N,,,,,,,,,N,N,N,N,N,N,N,N,N,N,N,N,N,N,N,N,N,N,N,N,N,N,N,N,N,N,N,N,N,N,N,N,N,N,N,N,N,N,N,N,N,N,N,N,N,N,N,N,N,N,N,N,N,N,N,N,N
tiktok_video2,0x00-03-0b-00-00-00-00-00,,,N,Y,Y,N,,N,N,N,N,N,N,N,,N,N,N,,N,,N,N,N,N,Y,Y,N,Y,Y,,Y,Y,Y,Y,N,,N,,,,,,,,N,,,N,,,,N,,,,,,,,,N,N,N,N,N,N,N,N,N,N,N,N,N,N,N,N,N,N,N,N,N,N,N,N,N,N,N,N,N,N,N,N,N,N,N,N,N,N,N,N,N,N,N,N,N,N,N,N,N,N,N,N,N,N,N,N,N
kuaishou_prv0,0x00-04-01-00-00-00-00-00,,,N,Y,Y,N,,N,N,N,N,N,N,N,,N,N,N,,N,,N,N,N,N,Y,Y,N,Y,Y,,Y,Y,Y,Y,N,,N,,,,,,,,N,,,N,,,,N,,,,,,,,,N,N,N,N,N,N,N,N,N,N,N,N,N,N,N,N,N,N,N,N,N,N,N,N,N,N,N,N,N,N,N,N,N,N,N,N,N,N,N,N,N,N,N,N,N,N,N,N,N,N,N,N,N,N,N,N,N
kuaishou_prv1,0x00-04-02-00-00-00-00-00,,,N,Y,Y,N,,N,N,N,N,N,N,N,,N,N,N,,N,,N,N,N,N,Y,Y,N,Y,Y,,Y,Y,Y,Y,N,,N,,,,,,,,N,,,N,,,,N,,,,,,,,,N,N,N,N,N,N,N,N,N,N,N,N,N,N,N,N,N,N,N,N,N,N,N,N,N,N,N,N,N,N,N,N,N,N,N,N,N,N,N,N,N,N,N,N,N,N,N,N,N,N,N,N,N,N,N,N,N
kuaishou_prv2,0x00-04-03-00-00-00-00-00,,,N,Y,Y,N,,N,N,N,N,N,N,N,,N,N,N,,N,,N,N,N,N,Y,Y,N,Y,Y,,Y,Y,Y,Y,N,,N,,,,,,,,N,,,N,,,,N,,,,,,,,,N,N,N,N,N,N,N,N,N,N,N,N,N,N,N,N,N,N,N,N,N,N,N,N,N,N,N,N,N,N,N,N,N,N,N,N,N,N,N,N,N,N,N,N,N,N,N,N,N,N,N,N,N,N,N,N,N
kuaishou_cap0,0x00-04-05-00-00-00-00-00,N,N,N,N,N,N,N,N,N,N,N,N,N,N,N,N,N,N,N,N,N,N,N,N,N,N,N,N,N,N,,N,N,Y,Y,,N,N,N,N,N,N,,N,N,N,N,N,N,,,,N,,N,,,,,,,N,N,,,,N,N,N,N,N,N,N,N,N,N,N,N,N,N,N,N,N,N,N,N,N,N,N,N,N,N,N,N,N,N,N,N,N,N,N,,,N,N,N,N,,N,N,N,N,N,N,N,N,N,N
kuaishou_cap1,0x00-04-06-00-00-00-00-00,N,N,N,N,N,N,N,N,N,N,N,N,N,N,N,N,N,N,N,N,N,N,N,N,N,N,N,N,N,N,,N,N,Y,Y,,N,N,N,N,N,N,,N,N,N,N,N,N,,,,N,,N,,,,,,,N,N,,,,N,N,N,N,N,N,N,N,N,N,N,N,N,N,N,N,N,N,N,N,N,N,N,N,N,N,N,N,N,N,N,N,N,N,N,,,N,N,N,N,,N,N,N,N,N,N,N,N,N,N
kuaishou_cap2,0x00-04-07-00-00-00-00-00,N,N,N,N,N,N,N,N,N,N,N,N,N,N,N,N,N,N,N,N,N,N,N,N,N,N,N,N,N,N,,N,N,Y,Y,,N,N,N,N,N,N,,N,N,N,N,N,N,,,,N,,N,,,,,,,N,N,,,,N,N,N,N,N,N,N,N,N,N,N,N,N,N,N,N,N,N,N,N,N,N,N,N,N,N,N,N,N,N,N,N,N,N,N,,,N,N,N,N,,N,N,N,N,N,N,N,N,N,N
kuaishou_video0,0x00-04-09-00-00-00-00-00,,,N,Y,Y,N,,N,N,N,N,N,N,N,,N,N,N,,N,,N,N,N,N,Y,Y,N,Y,Y,,Y,Y,Y,Y,N,,N,,,,,,,,N,,,N,,,,N,,,,,,,,,N,N,N,N,N,N,N,N,N,N,N,N,N,N,N,N,N,N,N,N,N,N,N,N,N,N,N,N,N,N,N,N,N,N,N,N,N,N,N,N,N,N,N,N,N,N,N,N,N,N,N,N,N,N,N,N,N
kuaishou_video1,0x00-04-0a-00-00-00-00-00,,,N,Y,Y,N,,N,N,N,N,N,N,N,,N,N,N,,N,,N,N,N,N,Y,Y,N,Y,Y,,Y,Y,Y,Y,N,,N,,,,,,,,N,,,N,,,,N,,,,,,,,,N,N,N,N,N,N,N,N,N,N,N,N,N,N,N,N,N,N,N,N,N,N,N,N,N,N,N,N,N,N,N,N,N,N,N,N,N,N,N,N,N,N,N,N,N,N,N,N,N,N,N,N,N,N,N,N,N
kuaishou_video2,0x00-04-0b-00-00-00-00-00,,,N,Y,Y,N,,N,N,N,N,N,N,N,,N,N,N,,N,,N,N,N,N,Y,Y,N,Y,Y,,Y,Y,Y,Y,N,,N,,,,,,,,N,,,N,,,,N,,,,,,,,,N,N,N,N,N,N,N,N,N,N,N,N,N,N,N,N,N,N,N,N,N,N,N,N,N,N,N,N,N,N,N,N,N,N,N,N,N,N,N,N,N,N,N,N,N,N,N,N,N,N,N,N,N,N,N,N,N
snapchat_prv0,0x00-05-01-00-00-00-00-00,,,N,Y,Y,N,,N,N,N,N,N,N,N,,N,N,N,,N,,N,N,N,N,Y,Y,N,Y,Y,,Y,Y,Y,Y,N,,N,,,,,,,,N,,,N,,,,N,,,,,,,,,N,N,N,N,N,N,N,N,N,N,N,N,N,N,N,N,N,N,N,N,N,N,N,N,N,N,N,N,N,N,N,N,N,N,N,N,N,N,N,N,N,N,N,N,N,N,N,N,N,N,N,N,N,N,N,N,N
snapchat_prv1,0x00-05-02-00-00-00-00-00,,,N,Y,Y,N,,N,N,N,N,N,N,N,,N,N,N,,N,,N,N,N,N,Y,Y,N,Y,Y,,Y,Y,Y,Y,N,,N,,,,,,,,N,,,N,,,,N,,,,,,,,,N,N,N,N,N,N,N,N,N,N,N,N,N,N,N,N,N,N,N,N,N,N,N,N,N,N,N,N,N,N,N,N,N,N,N,N,N,N,N,N,N,N,N,N,N,N,N,N,N,N,N,N,N,N,N,N,N
snapchat_prv2,0x00-05-03-00-00-00-00-00,,,N,Y,Y,N,,N,N,N,N,N,N,N,,N,N,N,,N,,N,N,N,N,Y,Y,N,Y,Y,,Y,Y,Y,Y,N,,N,,,,,,,,N,,,N,,,,N,,,,,,,,,N,N,N,N,N,N,N,N,N,N,N,N,N,N,N,N,N,N,N,N,N,N,N,N,N,N,N,N,N,N,N,N,N,N,N,N,N,N,N,N,N,N,N,N,N,N,N,N,N,N,N,N,N,N,N,N,N
snapchat_prv0_face,0x00-05-01-00-00-01-00-00,,N,N,Y,Y,N,N,N,N,N,N,N,N,N,,N,N,,,N,,N,N,N,N,Y,Y,N,Y,Y,,Y,Y,Y,Y,N,N,N,N,N,N,N,,N,N,N,N,,N,,,,N,,,,,,,,,N,N,N,N,N,N,N,N,N,N,N,N,N,N,N,N,N,N,N,N,N,N,N,N,N,N,N,N,N,N,N,N,N,N,N,N,N,N,N,N,N,N,N,N,N,N,N,N,N,N,N,N,N,N,N,N,N
snapchat_prv1_face,0x00-05-02-00-00-01-00-00,,N,N,Y,Y,N,N,N,N,N,N,N,N,N,,N,N,,,N,,N,N,N,N,Y,Y,N,Y,Y,,Y,Y,Y,Y,N,N,N,N,N,N,N,,N,N,N,N,,N,,,,N,,,,,,,,,N,N,N,N,N,N,N,N,N,N,N,N,N,N,N,N,N,N,N,N,N,N,N,N,N,N,N,N,N,N,N,N,N,N,N,N,N,N,N,N,N,N,N,N,N,N,N,N,N,N,N,N,N,N,N,N,N
snapchat_prv2_face,0x00-05-03-00-00-01-00-00,,N,N,Y,Y,N,N,N,N,N,N,N,N,N,,N,N,,,N,,N,N,N,N,Y,Y,N,Y,Y,,Y,Y,Y,Y,N,N,N,N,N,N,N,,N,N,N,N,,N,,,,N,,,,,,,,,N,N,N,N,N,N,N,N,N,N,N,N,N,N,N,N,N,N,N,N,N,N,N,N,N,N,N,N,N,N,N,N,N,N,N,N,N,N,N,N,N,N,N,N,N,N,N,N,N,N,N,N,N,N,N,N,N
snapchat_cap0,0x00-05-05-00-00-00-00-00,N,N,N,N,N,N,N,N,N,N,N,N,N,N,N,N,N,,N,N,N,N,N,N,N,N,N,N,N,N,,N,N,Y,Y,,N,N,N,N,N,N,,N,N,N,N,N,N,,,,N,,N,,,,,,,N,N,,,,N,N,N,N,N,N,N,N,N,N,N,N,N,N,N,N,N,N,N,N,N,N,N,N,N,N,N,N,N,N,N,N,N,N,N,,,N,N,N,N,,N,N,N,N,N,N,N,N,N,N
snapchat_cap1,0x00-05-06-00-00-00-00-00,N,N,N,N,N,N,N,N,N,N,N,N,N,N,N,N,N,,N,N,N,N,N,N,N,N,N,N,N,N,,N,N,Y,Y,,N,N,N,N,N,N,,N,N,N,N,N,N,,,,N,,N,,,,,,,N,N,,,,N,N,N,N,N,N,N,N,N,N,N,N,N,N,N,N,N,N,N,N,N,N,N,N,N,N,N,N,N,N,N,N,N,N,N,,,N,N,N,N,,N,N,N,N,N,N,N,N,N,N
snapchat_cap2,0x00-05-07-00-00-00-00-00,N,N,N,N,N,N,N,N,N,N,N,N,N,N,N,N,N,,N,N,N,N,N,N,N,N,N,N,N,N,,N,N,Y,Y,,N,N,N,N,N,N,,N,N,N,N,N,N,,,,N,,N,,,,,,,N,N,,,,N,N,N,N,N,N,N,N,N,N,N,N,N,N,N,N,N,N,N,N,N,N,N,N,N,N,N,N,N,N,N,N,N,N,N,,,N,N,N,N,,N,N,N,N,N,N,N,N,N,N
snapchat_cap0_face,0x00-05-05-00-00-01-00-00,N,N,N,N,N,N,,N,N,N,N,N,N,N,N,N,N,,N,N,N,N,N,N,N,N,N,N,N,N,,N,N,Y,Y,N,N,N,N,N,N,N,,N,N,N,N,N,N,,,,N,,N,,,,,,,N,N,N,N,N,N,N,N,N,N,N,N,N,N,N,N,N,N,N,N,N,N,N,N,N,N,N,N,N,N,N,N,N,N,N,N,N,N,N,N,,,N,N,N,N,,N,N,N,N,N,N,N,N,N,N
snapchat_cap1_face,0x00-05-06-00-00-01-00-00,N,N,N,N,N,N,,N,N,N,N,N,N,N,N,N,N,,N,N,N,N,N,N,N,N,N,N,N,N,,N,N,Y,Y,N,N,N,N,N,N,N,,N,N,N,N,N,N,,,,N,,N,,,,,,,N,N,N,N,N,N,N,N,N,N,N,N,N,N,N,N,N,N,N,N,N,N,N,N,N,N,N,N,N,N,N,N,N,N,N,N,N,N,N,N,,,N,N,N,N,,N,N,N,N,N,N,N,N,N,N
snapchat_cap2_face,0x00-05-07-00-00-01-00-00,N,N,N,N,N,N,,N,N,N,N,N,N,N,N,N,N,,N,N,N,N,N,N,N,N,N,N,N,N,,N,N,Y,Y,N,N,N,N,N,N,N,,N,N,N,N,N,N,,,,N,,N,,,,,,,N,N,N,N,N,N,N,N,N,N,N,N,N,N,N,N,N,N,N,N,N,N,N,N,N,N,N,N,N,N,N,N,N,N,N,N,N,N,N,N,,,N,N,N,N,,N,N,N,N,N,N,N,N,N,N
snapchat_video0,0x00-05-09-00-00-00-00-00,,,N,Y,Y,N,,N,N,N,N,N,N,N,,N,N,,,N,,N,N,N,N,Y,Y,N,Y,Y,,Y,Y,Y,Y,N,,N,,,,,,,,N,,,N,,,,N,,,,,,,,,N,N,N,N,N,N,N,N,N,N,N,N,N,N,N,N,N,N,N,N,N,N,N,N,N,N,N,N,N,N,N,N,N,N,N,N,N,N,N,N,N,N,N,N,N,N,N,N,N,N,N,N,N,N,N,N,N
snapchat_video1,0x00-05-0a-00-00-00-00-00,,,N,Y,Y,N,,N,N,N,N,N,N,N,,N,N,,,N,,N,N,N,N,Y,Y,N,Y,Y,,Y,Y,Y,Y,N,,N,,,,,,,,N,,,N,,,,N,,,,,,,,,N,N,N,N,N,N,N,N,N,N,N,N,N,N,N,N,N,N,N,N,N,N,N,N,N,N,N,N,N,N,N,N,N,N,N,N,N,N,N,N,N,N,N,N,N,N,N,N,N,N,N,N,N,N,N,N,N
snapchat_video2,0x00-05-0b-00-00-00-00-00,,,N,Y,Y,N,,N,N,N,N,N,N,N,,N,N,,,N,,N,N,N,N,Y,Y,N,Y,Y,,Y,Y,Y,Y,N,,N,,,,,,,,N,,,N,,,,N,,,,,,,,,N,N,N,N,N,N,N,N,N,N,N,N,N,N,N,N,N,N,N,N,N,N,N,N,N,N,N,N,N,N,N,N,N,N,N,N,N,N,N,N,N,N,N,N,N,N,N,N,N,N,N,N,N,N,N,N,N
facebook_prv0,0x00-06-01-00-00-00-00-00,,,N,Y,Y,N,,N,N,N,N,N,N,N,,N,N,,,N,,N,N,N,N,Y,Y,N,Y,Y,,Y,Y,Y,Y,N,,N,,,,,,,,N,,,N,,,,N,,,,,,,,,N,N,N,N,N,N,N,N,N,N,N,N,N,N,N,N,N,N,N,N,N,N,N,N,N,N,N,N,N,N,N,N,N,N,N,N,N,N,N,N,N,N,N,N,N,N,N,N,N,N,N,N,N,N,N,N,N
facebook_prv1,0x00-06-02-00-00-00-00-00,,,N,Y,Y,N,,N,N,N,N,N,N,N,,N,N,N,,N,,N,N,N,N,Y,Y,N,Y,Y,,Y,Y,Y,Y,N,,N,,,,,,,,N,,,N,,,,N,,,,,,,,,N,N,N,N,N,N,N,N,N,N,N,N,N,N,N,N,N,N,N,N,N,N,N,N,N,N,N,N,N,N,N,N,N,N,N,N,N,N,N,N,N,N,N,N,N,N,N,N,N,N,N,N,N,N,N,N,N
facebook_prv2,0x00-06-03-00-00-00-00-00,,,N,Y,Y,N,,N,N,N,N,N,N,N,,N,N,N,,N,,N,N,N,N,Y,Y,N,Y,Y,,Y,Y,Y,Y,N,,N,,,,,,,,N,,,N,,,,N,,,,,,,,,N,N,N,N,N,N,N,N,N,N,N,N,N,N,N,N,N,N,N,N,N,N,N,N,N,N,N,N,N,N,N,N,N,N,N,N,N,N,N,N,N,N,N,N,N,N,N,N,N,N,N,N,N,N,N,N,N
facebook_prv0_face,0x00-06-01-00-00-01-00-00,,N,N,Y,Y,N,N,N,N,N,N,N,N,N,,N,N,N,,N,,N,N,N,N,Y,Y,N,Y,Y,,Y,Y,Y,Y,N,N,N,N,N,N,N,,N,N,N,N,,N,,,,N,,,,,,,,,N,N,N,N,N,N,N,N,N,N,N,N,N,N,N,N,N,N,N,N,N,N,N,N,N,N,N,N,N,N,N,N,N,N,N,N,N,N,N,N,N,N,N,N,N,N,N,N,N,N,N,N,N,N,N,N,N
facebook_prv1_face,0x00-06-02-00-00-01-00-00,,N,N,Y,Y,N,N,N,N,N,N,N,N,N,,N,N,N,,N,,N,N,N,N,Y,Y,N,Y,Y,,Y,Y,Y,Y,N,N,N,N,N,N,N,,N,N,N,N,,N,,,,N,,,,,,,,,N,N,N,N,N,N,N,N,N,N,N,N,N,N,N,N,N,N,N,N,N,N,N,N,N,N,N,N,N,N,N,N,N,N,N,N,N,N,N,N,N,N,N,N,N,N,N,N,N,N,N,N,N,N,N,N,N
facebook_prv2_face,0x00-06-03-00-00-01-00-00,,N,N,Y,Y,N,N,N,N,N,N,N,N,N,,N,N,N,,N,,N,N,N,N,Y,Y,N,Y,Y,,Y,Y,Y,Y,N,N,N,N,N,N,N,,N,N,N,N,,N,,,,N,,,,,,,,,N,N,N,N,N,N,N,N,N,N,N,N,N,N,N,N,N,N,N,N,N,N,N,N,N,N,N,N,N,N,N,N,N,N,N,N,N,N,N,N,N,N,N,N,N,N,N,N,N,N,N,N,N,N,N,N,N
facebook_cap0,0x00-06-05-00-00-00-00-00,N,N,N,N,N,N,N,N,N,N,N,N,N,N,N,N,N,N,N,N,N,N,N,N,N,N,N,N,N,N,,N,N,Y,Y,,N,N,N,N,N,N,,N,N,N,N,N,N,,,,N,,N,,,,,,,N,N,,,,N,N,N,N,N,N,N,N,N,N,N,N,N,N,N,N,N,N,,,,,,,,,N,N,N,N,N,N,N,N,N,,,N,N,N,N,,N,N,N,N,N,N,N,N,N,N
facebook_cap1,0x00-06-06-00-00-00-00-00,N,N,N,N,N,N,N,N,N,N,N,N,N,N,N,N,N,N,N,N,N,N,N,N,N,N,N,N,N,N,,N,N,Y,Y,,N,N,N,N,N,N,,N,N,N,N,N,N,,,,N,,N,,,,,,,N,N,,,,N,N,N,N,N,N,N,N,N,N,N,N,N,N,N,N,N,N,,,,,,,,,N,N,N,N,N,N,N,N,N,,,N,N,N,N,,N,N,N,N,N,N,N,N,N,N
facebook_cap2,0x00-06-07-00-00-00-00-00,N,N,N,N,N,N,N,N,N,N,N,N,N,N,N,N,N,N,N,N,N,N,N,N,N,N,N,N,N,N,,N,N,Y,Y,,N,N,N,N,N,N,,N,N,N,N,N,N,,,,N,,N,,,,,,,N,N,,,,N,N,N,N,N,N,N,N,N,N,N,N,N,N,N,N,N,N,,,,,,,,,N,N,N,N,N,N,N,N,N,,,N,N,N,N,,N,N,N,N,N,N,N,N,N,N
facebook_cap0_face,0x00-06-05-00-00-01-00-00,N,N,N,N,N,N,,N,N,N,N,N,N,N,N,N,N,N,N,N,N,N,N,N,N,N,N,N,N,N,,N,N,Y,Y,N,N,N,N,N,N,N,,N,N,N,N,N,N,,,,N,,N,,,,,,,N,N,N,N,N,N,N,N,N,N,N,N,N,N,N,N,N,N,N,N,N,N,N,N,N,N,N,N,N,N,N,N,N,N,N,N,N,N,N,N,,,N,N,N,N,,N,N,N,N,N,N,N,N,N,N
facebook_cap1_face,0x00-06-06-00-00-01-00-00,N,N,N,N,N,N,,N,N,N,N,N,N,N,N,N,N,N,N,N,N,N,N,N,N,N,N,N,N,N,,N,N,Y,Y,N,N,N,N,N,N,N,,N,N,N,N,N,N,,,,N,,N,,,,,,,N,N,N,N,N,N,N,N,N,N,N,N,N,N,N,N,N,N,N,N,N,N,N,N,N,N,N,N,N,N,N,N,N,N,N,N,N,N,N,N,,,N,N,N,N,,N,N,N,N,N,N,N,N,N,N
facebook_cap2_face,0x00-06-07-00-00-01-00-00,N,N,N,N,N,N,,N,N,N,N,N,N,N,N,N,N,N,N,N,N,N,N,N,N,N,N,N,N,N,,N,N,Y,Y,N,N,N,N,N,N,N,,N,N,N,N,N,N,,,,N,,N,,,,,,,N,N,N,N,N,N,N,N,N,N,N,N,N,N,N,N,N,N,N,N,N,N,N,N,N,N,N,N,N,N,N,N,N,N,N,N,N,N,N,N,,,N,N,N,N,,N,N,N,N,N,N,N,N,N,N
facebook_video0,0x00-06-09-00-00-00-00-00,,,N,Y,Y,N,,N,N,N,N,N,N,N,,N,N,N,,N,,N,N,N,N,Y,Y,N,Y,Y,,Y,Y,Y,Y,N,,N,,,,,,,,N,,,N,,,,N,,,,,,,,,N,N,N,N,N,N,N,N,N,N,N,N,N,N,N,N,N,N,N,N,N,N,N,N,N,N,N,N,N,N,N,N,N,N,N,N,N,N,N,N,N,N,N,N,N,N,N,N,N,N,N,N,N,N,N,N,N
facebook_video1,0x00-06-0a-00-00-00-00-00,,,N,Y,Y,N,,N,N,N,N,N,N,N,,N,N,N,,N,,N,N,N,N,Y,Y,N,Y,Y,,Y,Y,Y,Y,N,,N,,,,,,,,N,,,N,,,,N,,,,,,,,,N,N,N,N,N,N,N,N,N,N,N,N,N,N,N,N,N,N,N,N,N,N,N,N,N,N,N,N,N,N,N,N,N,N,N,N,N,N,N,N,N,N,N,N,N,N,N,N,N,N,N,N,N,N,N,N,N
facebook_video2,0x00-06-0b-00-00-00-00-00,,,N,Y,Y,N,,N,N,N,N,N,N,N,,N,N,N,,N,,N,N,N,N,Y,Y,N,Y,Y,,Y,Y,Y,Y,N,,N,,,,,,,,N,,,N,,,,N,,,,,,,,,N,N,N,N,N,N,N,N,N,N,N,N,N,N,N,N,N,N,N,N,N,N,N,N,N,N,N,N,N,N,N,N,N,N,N,N,N,N,N,N,N,N,N,N,N,N,N,N,N,N,N,N,N,N,N,N,N
whatsapp_prv0,0x00-07-01-00-00-00-00-00,,,N,Y,Y,N,,N,N,N,N,N,N,N,,N,N,N,,N,,N,N,N,N,Y,Y,N,Y,Y,,Y,Y,Y,Y,N,,N,,,,,,,,N,,,N,,,,N,,,,,,,,,N,N,N,N,N,N,N,N,N,N,N,N,N,N,N,N,N,N,N,N,N,N,N,N,N,N,N,N,N,N,N,N,N,N,N,N,N,N,N,N,N,N,N,N,N,N,N,N,N,N,N,N,N,N,N,N,N
whatsapp_prv1,0x00-07-02-00-00-00-00-00,,,N,Y,Y,N,,N,N,N,N,N,N,N,,N,N,N,,N,,N,N,N,N,Y,Y,N,Y,Y,,Y,Y,Y,Y,N,,N,,,,,,,,N,,,N,,,,N,,,,,,,,,N,N,N,N,N,N,N,N,N,N,N,N,N,N,N,N,N,N,N,N,N,N,N,N,N,N,N,N,N,N,N,N,N,N,N,N,N,N,N,N,N,N,N,N,N,N,N,N,N,N,N,N,N,N,N,N,N
whatsapp_prv2,0x00-07-03-00-00-00-00-00,,,N,Y,Y,N,,N,N,N,N,N,N,N,,N,N,N,,N,,N,N,N,N,Y,Y,N,Y,Y,,Y,Y,Y,Y,N,,N,,,,,,,,N,,,N,,,,N,,,,,,,,,N,N,N,N,N,N,N,N,N,N,N,N,N,N,N,N,N,N,N,N,N,N,N,N,N,N,N,N,N,N,N,N,N,N,N,N,N,N,N,N,N,N,N,N,N,N,N,N,N,N,N,N,N,N,N,N,N
whatsapp_cap0,0x00-07-05-00-00-00-00-00,N,N,N,N,N,N,N,N,N,N,N,N,N,N,N,N,N,N,N,N,N,N,N,N,N,N,N,N,N,N,,N,N,Y,Y,,N,N,N,N,N,N,,N,N,N,N,N,N,,,,N,,N,,,,,,,N,N,,,,N,N,N,N,N,N,N,N,N,N,N,N,N,N,N,N,N,N,N,N,N,N,N,N,N,N,N,N,N,N,N,N,N,N,N,,,N,N,N,N,,N,N,N,N,N,N,N,N,N,N
whatsapp_cap1,0x00-07-06-00-00-00-00-00,N,N,N,N,N,N,N,N,N,N,N,N,N,N,N,N,N,N,N,N,N,N,N,N,N,N,N,N,N,N,,N,N,Y,Y,,N,N,N,N,N,N,,N,N,N,N,N,N,,,,N,,N,,,,,,,N,N,,,,N,N,N,N,N,N,N,N,N,N,N,N,N,N,N,N,N,N,N,N,N,N,N,N,N,N,N,N,N,N,N,N,N,N,N,,,N,N,N,N,,N,N,N,N,N,N,N,N,N,N
whatsapp_cap2,0x00-07-07-00-00-00-00-00,N,N,N,N,N,N,N,N,N,N,N,N,N,N,N,N,N,N,N,N,N,N,N,N,N,N,N,N,N,N,,N,N,Y,Y,,N,N,N,N,N,N,,N,N,N,N,N,N,,,,N,,N,,,,,,,N,N,,,,N,N,N,N,N,N,N,N,N,N,N,N,N,N,N,N,N,N,N,N,N,N,N,N,N,N,N,N,N,N,N,N,N,N,N,,,N,N,N,N,,N,N,N,N,N,N,N,N,N,N
whatsapp_video0,0x00-07-09-00-00-00-00-00,,,N,Y,Y,N,,N,N,N,N,N,N,N,,N,N,N,,N,,N,N,N,N,Y,Y,N,Y,Y,,Y,Y,Y,Y,N,,N,,,,,,,,N,,,N,,,,N,,,,,,,,,N,N,N,N,N,N,N,N,N,N,N,N,N,N,N,N,N,N,N,N,N,N,N,N,N,N,N,N,N,N,N,N,N,N,N,N,N,N,N,N,N,N,N,N,N,N,N,N,N,N,N,N,N,N,N,N,N
whatsapp_video1,0x00-07-0a-00-00-00-00-00,,,N,Y,Y,N,,N,N,N,N,N,N,N,,N,N,N,,N,,N,N,N,N,Y,Y,N,Y,Y,,Y,Y,Y,Y,N,,N,,,,,,,,N,,,N,,,,N,,,,,,,,,N,N,N,N,N,N,N,N,N,N,N,N,N,N,N,N,N,N,N,N,N,N,N,N,N,N,N,N,N,N,N,N,N,N,N,N,N,N,N,N,N,N,N,N,N,N,N,N,N,N,N,N,N,N,N,N,N
whatsapp_video2,0x00-07-0b-00-00-00-00-00,,,N,Y,Y,N,,N,N,N,N,N,N,N,,N,N,N,,N,,N,N,N,N,Y,Y,N,Y,Y,,Y,Y,Y,Y,N,,N,,,,,,,,N,,,N,,,,N,,,,,,,,,N,N,N,N,N,N,N,N,N,N,N,N,N,N,N,N,N,N,N,N,N,N,N,N,N,N,N,N,N,N,N,N,N,N,N,N,N,N,N,N,N,N,N,N,N,N,N,N,N,N,N,N,N,N,N,N,N
instagram_prv0,0x00-08-01-00-00-00-00-00,,,N,Y,Y,N,,N,N,N,N,N,N,N,,N,N,N,,N,,N,N,N,N,Y,Y,N,Y,Y,,Y,Y,Y,Y,N,,N,,,,,,,,N,,,N,,,,N,,,,,,,,,N,N,N,N,N,N,N,N,N,N,N,N,N,N,N,N,N,N,N,N,N,N,N,N,N,N,N,N,N,N,N,N,N,N,N,N,N,N,N,N,N,N,N,N,N,N,N,N,N,N,N,N,N,N,N,N,N
instagram_prv1,0x00-08-02-00-00-00-00-00,,,N,Y,Y,N,,N,N,N,N,N,N,N,,N,N,N,,N,,N,N,N,N,Y,Y,N,Y,Y,,Y,Y,Y,Y,N,,N,,,,,,,,N,,,N,,,,N,,,,,,,,,N,N,N,N,N,N,N,N,N,N,N,N,N,N,N,N,N,N,N,N,N,N,N,N,N,N,N,N,N,N,N,N,N,N,N,N,N,N,N,N,N,N,N,N,N,N,N,N,N,N,N,N,N,N,N,N,N
instagram_prv2,0x00-08-03-00-00-00-00-00,,,N,Y,Y,N,,N,N,N,N,N,N,N,,N,N,N,,N,,N,N,N,N,Y,Y,N,Y,Y,,Y,Y,Y,Y,N,,N,,,,,,,,N,,,N,,,,N,,,,,,,,,N,N,N,N,N,N,N,N,N,N,N,N,N,N,N,N,N,N,N,N,N,N,N,N,N,N,N,N,N,N,N,N,N,N,N,N,N,N,N,N,N,N,N,N,N,N,N,N,N,N,N,N,N,N,N,N,N
instagram_cap0,0x00-08-05-00-00-00-00-00,N,N,N,N,N,N,N,N,N,N,N,N,N,N,N,N,N,N,N,N,N,N,N,N,N,N,N,N,N,N,,N,N,Y,Y,,N,N,N,N,N,N,,N,N,N,N,N,N,,,,N,,N,,,,,,,N,N,,,,N,N,N,N,N,N,N,N,N,N,N,N,N,N,N,N,N,N,N,N,N,N,N,N,N,N,N,N,N,N,N,N,N,N,N,,,N,N,N,N,,N,N,N,N,N,N,N,N,N,N
instagram_cap1,0x00-08-06-00-00-00-00-00,N,N,N,N,N,N,N,N,N,N,N,N,N,N,N,N,N,N,N,N,N,N,N,N,N,N,N,N,N,N,,N,N,Y,Y,,N,N,N,N,N,N,,N,N,N,N,N,N,,,,N,,N,,,,,,,N,N,,,,N,N,N,N,N,N,N,N,N,N,N,N,N,N,N,N,N,N,N,N,N,N,N,N,N,N,N,N,N,N,N,N,N,N,N,,,N,N,N,N,,N,N,N,N,N,N,N,N,N,N
instagram_cap2,0x00-08-07-00-00-00-00-00,N,N,N,N,N,N,N,N,N,N,N,N,N,N,N,N,N,N,N,N,N,N,N,N,N,N,N,N,N,N,,N,N,Y,Y,,N,N,N,N,N,N,,N,N,N,N,N,N,,,,N,,N,,,,,,,N,N,,,,N,N,N,N,N,N,N,N,N,N,N,N,N,N,N,N,N,N,N,N,N,N,N,N,N,N,N,N,N,N,N,N,N,N,N,,,N,N,N,N,,N,N,N,N,N,N,N,N,N,N
instagram_video0,0x00-08-09-00-00-00-00-00,,,N,Y,Y,N,,N,N,N,N,N,N,N,,N,N,N,,N,,N,N,N,N,Y,Y,N,Y,Y,,Y,Y,Y,Y,N,,N,,,,,,,,N,,,N,,,,N,,,,,,,,,N,N,N,N,N,N,N,N,N,N,N,N,N,N,N,N,N,N,N,N,N,N,N,N,N,N,N,N,N,N,N,N,N,N,N,N,N,N,N,N,N,N,N,N,N,N,N,N,N,N,N,N,N,N,N,N,N
instagram_video1,0x00-08-0a-00-00-00-00-00,,,N,Y,Y,N,,N,N,N,N,N,N,N,,N,N,N,,N,,N,N,N,N,Y,Y,N,Y,Y,,Y,Y,Y,Y,N,,N,,,,,,,,N,,,N,,,,N,,,,,,,,,N,N,N,N,N,N,N,N,N,N,N,N,N,N,N,N,N,N,N,N,N,N,N,N,N,N,N,N,N,N,N,N,N,N,N,N,N,N,N,N,N,N,N,N,N,N,N,N,N,N,N,N,N,N,N,N,N
instagram_video2,0x00-08-0b-00-00-00-00-00,,,N,Y,Y,N,,N,N,N,N,N,N,N,,N,N,N,,N,,N,N,N,N,Y,Y,N,Y,Y,,Y,Y,Y,Y,N,,N,,,,,,,,N,,,N,,,,N,,,,,,,,,N,N,N,N,N,N,N,N,N,N,N,N,N,N,N,N,N,N,N,N,N,N,N,N,N,N,N,N,N,N,N,N,N,N,N,N,N,N,N,N,N,N,N,N,N,N,N,N,N,N,N,N,N,N,N,N,N
messenger_prv0,0x00-09-01-00-00-00-00-00,,,N,Y,Y,N,,N,N,N,N,N,N,N,,N,N,N,,N,,N,N,N,N,Y,Y,N,Y,Y,,Y,Y,Y,Y,N,,N,,,,,,,,N,,,N,,,,N,,,,,,,,,N,N,N,N,N,N,N,N,N,N,N,N,N,N,N,N,N,N,N,N,N,N,N,N,N,N,N,N,N,N,N,N,N,N,N,N,N,N,N,N,N,N,N,N,N,N,N,N,N,N,N,N,N,N,N,N,N
messenger_prv1,0x00-09-02-00-00-00-00-00,,,N,Y,Y,N,,N,N,N,N,N,N,N,,N,N,N,,N,,N,N,N,N,Y,Y,N,Y,Y,,Y,Y,Y,Y,N,,N,,,,,,,,N,,,N,,,,N,,,,,,,,,N,N,N,N,N,N,N,N,N,N,N,N,N,N,N,N,N,N,N,N,N,N,N,N,N,N,N,N,N,N,N,N,N,N,N,N,N,N,N,N,N,N,N,N,N,N,N,N,N,N,N,N,N,N,N,N,N
messenger_prv2,0x00-09-03-00-00-00-00-00,,,N,Y,Y,N,,N,N,N,N,N,N,N,,N,N,N,,N,,N,N,N,N,Y,Y,N,Y,Y,,Y,Y,Y,Y,N,,N,,,,,,,,N,,,N,,,,N,,,,,,,,,N,N,N,N,N,N,N,N,N,N,N,N,N,N,N,N,N,N,N,N,N,N,N,N,N,N,N,N,N,N,N,N,N,N,N,N,N,N,N,N,N,N,N,N,N,N,N,N,N,N,N,N,N,N,N,N,N
messenger_prv0_face,0x00-09-01-00-00-01-00-00,,N,N,Y,Y,N,N,N,N,N,N,N,N,N,,N,N,N,,N,,N,N,N,N,Y,Y,N,Y,Y,,Y,Y,Y,Y,N,N,N,N,N,N,N,,N,N,N,N,,N,,,,N,,,,,,,,,N,N,N,N,N,N,N,N,N,N,N,N,N,N,N,N,N,N,N,N,N,N,N,N,N,N,N,N,N,N,N,N,N,N,N,N,N,N,N,N,N,N,N,N,N,N,N,N,N,N,N,N,N,N,N,N,N
messenger_prv1_face,0x00-09-02-00-00-01-00-00,,N,N,Y,Y,N,N,N,N,N,N,N,N,N,,N,N,N,,N,,N,N,N,N,Y,Y,N,Y,Y,,Y,Y,Y,Y,N,N,N,N,N,N,N,,N,N,N,N,,N,,,,N,,,,,,,,,N,N,N,N,N,N,N,N,N,N,N,N,N,N,N,N,N,N,N,N,N,N,N,N,N,N,N,N,N,N,N,N,N,N,N,N,N,N,N,N,N,N,N,N,N,N,N,N,N,N,N,N,N,N,N,N,N
messenger_prv2_face,0x00-09-03-00-00-01-00-00,,N,N,Y,Y,N,N,N,N,N,N,N,N,N,,N,N,N,,N,,N,N,N,N,Y,Y,N,Y,Y,,Y,Y,Y,Y,N,N,N,N,N,N,N,,N,N,N,N,,N,,,,N,,,,,,,,,N,N,N,N,N,N,N,N,N,N,N,N,N,N,N,N,N,N,N,N,N,N,N,N,N,N,N,N,N,N,N,N,N,N,N,N,N,N,N,N,N,N,N,N,N,N,N,N,N,N,N,N,N,N,N,N,N
messenger_cap0,0x00-09-05-00-00-00-00-00,N,N,N,N,N,N,N,N,N,N,N,N,N,N,N,N,N,N,N,N,N,N,N,N,N,N,N,N,N,N,,N,N,Y,Y,,N,N,N,N,N,N,,N,N,N,N,N,N,,,,N,,N,,,,,,,N,N,,,,N,N,N,N,N,N,N,N,N,N,N,N,N,N,N,N,N,N,N,N,N,N,N,N,N,N,N,N,N,N,N,N,N,N,N,,,N,N,N,N,,N,N,N,N,N,N,N,N,N,N
messenger_cap1,0x00-09-06-00-00-00-00-00,N,N,N,N,N,N,N,N,N,N,N,N,N,N,N,N,N,N,N,N,N,N,N,N,N,N,N,N,N,N,,N,N,Y,Y,,N,N,N,N,N,N,,N,N,N,N,N,N,,,,N,,N,,,,,,,N,N,,,,N,N,N,N,N,N,N,N,N,N,N,N,N,N,N,N,N,N,N,N,N,N,N,N,N,N,N,N,N,N,N,N,N,N,N,,,N,N,N,N,,N,N,N,N,N,N,N,N,N,N
messenger_cap2,0x00-09-07-00-00-00-00-00,N,N,N,N,N,N,N,N,N,N,N,N,N,N,N,N,N,N,N,N,N,N,N,N,N,N,N,N,N,N,,N,N,Y,Y,,N,N,N,N,N,N,,N,N,N,N,N,N,,,,N,,N,,,,,,,N,N,,,,N,N,N,N,N,N,N,N,N,N,N,N,N,N,N,N,N,N,N,N,N,N,N,N,N,N,N,N,N,N,N,N,N,N,N,,,N,N,N,N,,N,N,N,N,N,N,N,N,N,N
messenger_cap0_face,0x00-09-05-00-00-01-00-00,N,N,N,N,N,N,,N,N,N,N,N,N,N,N,N,N,N,N,N,N,N,N,N,N,N,N,N,N,N,,N,N,Y,Y,N,N,N,N,N,N,N,,N,N,N,N,N,N,,,,N,,N,,,,,,,N,N,N,N,N,N,N,N,N,N,N,N,N,N,N,N,N,N,N,N,N,N,N,N,N,N,N,N,N,N,N,N,N,N,N,N,N,N,N,N,,,N,N,N,N,,N,N,N,N,N,N,N,N,N,N
messenger_cap1_face,0x00-09-06-00-00-01-00-00,N,N,N,N,N,N,,N,N,N,N,N,N,N,N,N,N,N,N,N,N,N,N,N,N,N,N,N,N,N,,N,N,Y,Y,N,N,N,N,N,N,N,,N,N,N,N,N,N,,,,N,,N,,,,,,,N,N,N,N,N,N,N,N,N,N,N,N,N,N,N,N,N,N,N,N,N,N,N,N,N,N,N,N,N,N,N,N,N,N,N,N,N,N,N,N,,,N,N,N,N,,N,N,N,N,N,N,N,N,N,N
messenger_cap2_face,0x00-09-07-00-00-01-00-00,N,N,N,N,N,N,,N,N,N,N,N,N,N,N,N,N,N,N,N,N,N,N,N,N,N,N,N,N,N,,N,N,Y,Y,N,N,N,N,N,N,N,,N,N,N,N,N,N,,,,N,,N,,,,,,,N,N,N,N,N,N,N,N,N,N,N,N,N,N,N,N,N,N,N,N,N,N,N,N,N,N,N,N,N,N,N,N,N,N,N,N,N,N,N,N,,,N,N,N,N,,N,N,N,N,N,N,N,N,N,N
messenger_video0,0x00-09-09-00-00-00-00-00,,,N,Y,Y,N,,N,N,N,N,N,N,N,,N,N,N,,N,,N,N,N,N,Y,Y,N,Y,Y,,Y,Y,Y,Y,N,,N,,,,,,,,N,,,N,,,,N,,,,,,,,,N,N,N,N,N,N,N,N,N,N,N,N,N,N,N,N,N,N,N,N,N,N,N,N,N,N,N,N,N,N,N,N,N,N,N,N,N,N,N,N,N,N,N,N,N,N,N,N,N,N,N,N,N,N,N,N,N
messenger_video1,0x00-09-0a-00-00-00-00-00,,,N,Y,Y,N,,N,N,N,N,N,N,N,,N,N,N,,N,,N,N,N,N,Y,Y,N,Y,Y,,Y,Y,Y,Y,N,,N,,,,,,,,N,,,N,,,,N,,,,,,,,,N,N,N,N,N,N,N,N,N,N,N,N,N,N,N,N,N,N,N,N,N,N,N,N,N,N,N,N,N,N,N,N,N,N,N,N,N,N,N,N,N,N,N,N,N,N,N,N,N,N,N,N,N,N,N,N,N
messenger_video2,0x00-09-0b-00-00-00-00-00,,,N,Y,Y,N,,N,N,N,N,N,N,N,,N,N,N,,N,,N,N,N,N,Y,Y,N,Y,Y,,Y,Y,Y,Y,N,,N,,,,,,,,N,,,N,,,,N,,,,,,,,,N,N,N,N,N,N,N,N,N,N,N,N,N,N,N,N,N,N,N,N,N,N,N,N,N,N,N,N,N,N,N,N,N,N,N,N,N,N,N,N,N,N,N,N,N,N,N,N,N,N,N,N,N,N,N,N,N
thirdapp_prv0,0x00-0a-01-00-00-00-00-00,,,N,Y,Y,N,,N,N,N,N,N,N,N,,N,N,N,,N,,N,N,N,N,Y,Y,N,Y,Y,,Y,Y,Y,Y,N,,N,,,,,,,,N,,,N,,,,N,,,,,,,,,N,N,N,N,N,N,N,N,N,N,N,N,N,N,N,N,N,N,N,N,N,N,N,N,N,N,N,N,N,N,N,N,N,N,N,N,N,N,N,N,N,N,N,N,N,N,N,N,N,N,N,N,N,N,N,N,N
thirdapp_prv1,0x00-0a-02-00-00-00-00-00,,,N,Y,Y,N,,N,N,N,N,N,N,N,,N,N,N,,N,,N,N,N,N,Y,Y,N,Y,Y,,Y,Y,Y,Y,N,,N,,,,,,,,N,,,N,,,,N,,,,,,,,,N,N,N,N,N,N,N,N,N,N,N,N,N,N,N,N,N,N,N,N,N,N,N,N,N,N,N,N,N,N,N,N,N,N,N,N,N,N,N,N,N,N,N,N,N,N,N,N,N,N,N,N,N,N,N,N,N
thirdapp_prv2,0x00-0a-03-00-00-00-00-00,,,N,Y,Y,N,,N,N,N,N,N,N,N,,N,N,N,,N,,N,N,N,N,Y,Y,N,Y,Y,,Y,Y,Y,Y,N,,N,,,,,,,,N,,,N,,,,N,,,,,,,,,N,N,N,N,N,N,N,N,N,N,N,N,N,N,N,N,N,N,N,N,N,N,N,N,N,N,N,N,N,N,N,N,N,N,N,N,N,N,N,N,N,N,N,N,N,N,N,N,N,N,N,N,N,N,N,N,N
thirdapp_cap0,0x00-0a-05-00-00-00-00-00,N,N,N,N,N,N,N,N,N,N,N,N,N,N,N,N,N,N,N,N,N,N,N,N,N,N,N,N,N,N,,N,N,Y,Y,,N,N,N,N,N,N,,N,N,N,N,N,N,,,,N,,N,,,,,,,N,N,,,,N,N,N,N,N,N,N,N,N,N,N,N,N,N,N,N,N,N,N,N,N,N,N,N,N,N,N,N,N,N,N,N,N,N,N,,,N,N,N,N,,N,N,N,N,N,N,N,N,N,N
thirdapp_cap1,0x00-0a-06-00-00-00-00-00,N,N,N,N,N,N,N,N,N,N,N,N,N,N,N,N,N,N,N,N,N,N,N,N,N,N,N,N,N,N,,N,N,Y,Y,,N,N,N,N,N,N,,N,N,N,N,N,N,,,,N,,N,,,,,,,N,N,,,,N,N,N,N,N,N,N,N,N,N,N,N,N,N,N,N,N,N,N,N,N,N,N,N,N,N,N,N,N,N,N,N,N,N,N,,,N,N,N,N,,N,N,N,N,N,N,N,N,N,N
thirdapp_cap2,0x00-0a-07-00-00-00-00-00,N,N,N,N,N,N,N,N,N,N,N,N,N,N,N,N,N,N,N,N,N,N,N,N,N,N,N,N,N,N,,N,N,Y,Y,,N,N,N,N,N,N,,N,N,N,N,N,N,,,,N,,N,,,,,,,N,N,,,,N,N,N,N,N,N,N,N,N,N,N,N,N,N,N,N,N,N,N,N,N,N,N,N,N,N,N,N,N,N,N,N,N,N,N,,,N,N,N,N,,N,N,N,N,N,N,N,N,N,N
thirdapp_video0,0x00-0a-09-00-00-00-00-00,,,N,Y,Y,N,,N,N,N,N,N,N,N,,N,N,N,,N,,N,N,N,N,Y,Y,N,Y,Y,,Y,Y,Y,Y,N,,N,,,,,,,,N,,,N,,,,N,,,,,,,,,N,N,N,N,N,N,N,N,N,N,N,N,N,N,N,N,N,N,N,N,N,N,N,N,N,N,N,N,N,N,N,N,N,N,N,N,N,N,N,N,N,N,N,N,N,N,N,N,N,N,N,N,N,N,N,N,N
thirdapp_video1,0x00-0a-0a-00-00-00-00-00,,,N,Y,Y,N,,N,N,N,N,N,N,N,,N,N,N,,N,,N,N,N,N,Y,Y,N,Y,Y,,Y,Y,Y,Y,N,,N,,,,,,,,N,,,N,,,,N,,,,,,,,,N,N,N,N,N,N,N,N,N,N,N,N,N,N,N,N,N,N,N,N,N,N,N,N,N,N,N,N,N,N,N,N,N,N,N,N,N,N,N,N,N,N,N,N,N,N,N,N,N,N,N,N,N,N,N,N,N
thirdapp_video2,0x00-0a-0b-00-00-00-00-00,,,N,Y,Y,N,,N,N,N,N,N,N,N,,N,N,N,,N,,N,N,N,N,Y,Y,N,Y,Y,,Y,Y,Y,Y,N,,N,,,,,,,,N,,,N,,,,N,,,,,,,,,N,N,N,N,N,N,N,N,N,N,N,N,N,N,N,N,N,N,N,N,N,N,N,N,N,N,N,N,N,N,N,N,N,N,N,N,N,N,N,N,N,N,N,N,N,N,N,N,N,N,N,N,N,N,N,N,N
factory_prv0,0x00-0b-01-00-00-00-00-00,,,N,Y,Y,N,,N,N,N,N,N,N,N,,N,N,N,,N,,N,N,N,N,Y,Y,N,Y,Y,,Y,Y,Y,Y,N,,N,,,,,,,,N,,,N,,,,N,,,,,,,,,N,N,N,N,N,N,N,N,N,N,N,N,N,N,N,N,N,N,N,N,N,N,N,N,N,N,N,N,N,N,N,N,N,N,N,N,N,N,N,N,N,N,N,N,N,N,N,N,N,N,N,N,N,N,N,N,N
factory_prv1,0x00-0b-02-00-00-00-00-00,,,N,Y,Y,N,,N,N,N,N,N,N,N,,N,N,N,,N,,N,N,N,N,Y,Y,N,Y,Y,,Y,Y,Y,Y,N,,N,,,,,,,,N,,,N,,,,N,,,,,,,,,N,N,N,N,N,N,N,N,N,N,N,N,N,N,N,N,N,N,N,N,N,N,N,N,N,N,N,N,N,N,N,N,N,N,N,N,N,N,N,N,N,N,N,N,N,N,N,N,N,N,N,N,N,N,N,N,N
factory_prv2,0x00-0b-03-00-00-00-00-00,,,N,Y,Y,N,,N,N,N,N,N,N,N,,N,N,N,,N,,N,N,N,N,Y,Y,N,Y,Y,,Y,Y,Y,Y,N,,N,,,,,,,,N,,,N,,,,N,,,,,,,,,N,N,N,N,N,N,N,N,N,N,N,N,N,N,N,N,N,N,N,N,N,N,N,N,N,N,N,N,N,N,N,N,N,N,N,N,N,N,N,N,N,N,N,N,N,N,N,N,N,N,N,N,N,N,N,N,N
factory_cap0,0x00-0b-05-00-00-00-00-00,N,N,N,N,N,N,N,N,N,N,N,N,N,N,N,N,N,N,N,N,N,N,N,N,N,N,N,N,N,N,,N,N,Y,Y,,N,N,N,N,N,N,,N,N,N,N,N,N,,,,N,,N,,,,,,,N,N,,,,N,N,N,N,N,N,N,N,N,N,N,N,N,N,N,N,N,N,N,N,N,N,N,N,N,N,N,N,N,N,N,N,N,N,N,,,N,N,N,N,,N,N,N,N,N,N,N,N,N,N
factory_cap1,0x00-0b-06-00-00-00-00-00,N,N,N,N,N,N,N,N,N,N,N,N,N,N,N,N,N,N,N,N,N,N,N,N,N,N,N,N,N,N,,N,N,Y,Y,,N,N,N,N,N,N,,N,N,N,N,N,N,,,,N,,N,,,,,,,N,N,,,,N,N,N,N,N,N,N,N,N,N,N,N,N,N,N,N,N,N,N,N,N,N,N,N,N,N,N,N,N,N,N,N,N,N,N,,,N,N,N,N,,N,N,N,N,N,N,N,N,N,N
factory_cap2,0x00-0b-07-00-00-00-00-00,N,N,N,N,N,N,N,N,N,N,N,N,N,N,N,N,N,N,N,N,N,N,N,N,N,N,N,N,N,N,,N,N,Y,Y,,N,N,N,N,N,N,,N,N,N,N,N,N,,,,N,,N,,,,,,,N,N,,,,N,N,N,N,N,N,N,N,N,N,N,N,N,N,N,N,N,N,N,N,N,N,N,N,N,N,N,N,N,N,N,N,N,N,N,,,N,N,N,N,,N,N,N,N,N,N,N,N,N,N
factory_video0,0x00-0b-09-00-00-00-00-00,,,N,Y,Y,N,,N,N,N,N,N,N,N,,N,N,N,,N,,N,N,N,N,Y,Y,N,Y,Y,,Y,Y,Y,Y,N,,N,,,,,,,,N,,,N,,,,N,,,,,,,,,N,N,N,N,N,N,N,N,N,N,N,N,N,N,N,N,N,N,N,N,N,N,N,N,N,N,N,N,N,N,N,N,N,N,N,N,N,N,N,N,N,N,N,N,N,N,N,N,N,N,N,N,N,N,N,N,N
factory_video1,0x00-0b-0a-00-00-00-00-00,,,N,Y,Y,N,,N,N,N,N,N,N,N,,N,N,N,,N,,N,N,N,N,Y,Y,N,Y,Y,,Y,Y,Y,Y,N,,N,,,,,,,,N,,,N,,,,N,,,,,,,,,N,N,N,N,N,N,N,N,N,N,N,N,N,N,N,N,N,N,N,N,N,N,N,N,N,N,N,N,N,N,N,N,N,N,N,N,N,N,N,N,N,N,N,N,N,N,N,N,N,N,N,N,N,N,N,N,N
factory_video2,0x00-0b-0b-00-00-00-00-00,,,N,Y,Y,N,,N,N,N,N,N,N,N,,N,N,N,,N,,N,N,N,N,Y,Y,N,Y,Y,,Y,Y,Y,Y,N,,N,,,,,,,,N,,,N,,,,N,,,,,,,,,N,N,N,N,N,N,N,N,N,N,N,N,N,N,N,N,N,N,N,N,N,N,N,N,N,N,N,N,N,N,N,N,N,N,N,N,N,N,N,N,N,N,N,N,N,N,N,N,N,N,N,N,N,N,N,N,N
video0_eis,0x00-00-09-00-03-00-00-00,,,N,Y,Y,N,,N,N,N,N,N,N,N,,N,N,N,,N,,N,N,N,N,Y,Y,N,Y,Y,,Y,Y,Y,Y,N,,N,,,,,,,,N,,,N,,,,N,,,,,,,,,N,N,N,N,N,N,N,N,N,N,N,N,N,N,N,N,N,N,N,N,N,N,N,N,N,N,N,N,N,N,N,N,N,N,N,N,N,N,N,N,N,N,N,N,N,N,N,N,N,N,N,N,N,N,N,N,N
video1_eis,0x00-00-0a-00-03-00-00-00,,,N,Y,Y,N,,N,N,N,N,N,N,N,,N,N,N,,N,,N,N,N,N,Y,Y,N,Y,Y,,Y,Y,Y,Y,N,,N,,,,,,,,N,,,N,,,,N,,,,,,,,,N,N,N,N,N,N,N,N,N,N,N,N,N,N,N,N,N,N,N,N,N,N,N,N,N,N,N,N,N,N,N,N,N,N,N,N,N,N,N,N,N,N,N,N,N,N,N,N,N,N,N,N,N,N,N,N,N
video2_eis,0x00-00-0b-00-03-00-00-00,,,N,Y,Y,N,,N,N,N,N,N,N,N,,N,N,N,,N,,N,N,N,N,Y,Y,N,Y,Y,,Y,Y,Y,Y,N,,N,,,,,,,,N,,,N,,,,N,,,,,,,,,N,N,N,N,N,N,N,N,N,N,N,N,N,N,N,N,N,N,N,N,N,N,N,N,N,N,N,N,N,N,N,N,N,N,N,N,N,N,N,N,N,N,N,N,N,N,N,N,N,N,N,N,N,N,N,N,N
video3_eis,0x00-00-0c-00-03-00-00-00,,,N,Y,Y,N,,N,N,N,N,N,N,N,,N,N,N,,N,,N,N,N,N,Y,Y,N,Y,Y,,Y,Y,Y,Y,N,,N,,,,,,,,N,,,N,,,,N,,,,,,,,,N,N,N,N,N,N,N,N,N,N,N,N,N,N,N,N,N,N,N,N,N,N,N,N,N,N,N,N,N,N,N,N,N,N,N,N,N,N,N,N,N,N,N,N,N,N,N,N,N,N,N,N,N,N,N,N,N
prv0_night_hdr,0x00-00-01-01-01-00-00-00,,,N,Y,Y,N,N,N,N,N,N,N,N,N,,N,N,N,,N,,N,N,N,N,Y,Y,N,Y,Y,,Y,Y,Y,Y,N,N,N,N,N,N,N,,N,N,N,N,,N,,,,N,,,,,,,,,N,N,N,N,N,N,N,N,N,N,N,N,N,N,N,N,N,N,N,N,N,N,N,N,N,N,N,N,N,N,N,N,N,N,N,N,N,N,N,N,N,N,,N,N,N,N,N,N,N,N,N,N,N,N,N,N
prv1_night_hdr,0x00-00-02-01-01-00-00-00,,,N,Y,Y,N,N,N,N,N,N,N,N,N,,N,N,N,,N,,N,N,N,N,Y,Y,N,Y,Y,,Y,Y,Y,Y,N,N,N,N,N,N,N,,N,N,N,N,,N,,,,N,,,,,,,,,N,N,N,N,N,N,N,N,N,N,N,N,N,N,N,N,N,N,N,N,N,N,N,N,N,N,N,N,N,N,N,N,N,N,N,N,N,N,N,N,N,N,,N,N,N,N,N,N,N,N,N,N,N,N,N,N
prv2_night_hdr,0x00-00-03-01-01-00-00-00,,,N,Y,Y,N,N,N,N,N,N,N,N,N,,N,N,N,,N,,N,N,N,N,Y,Y,N,Y,Y,,Y,Y,Y,Y,N,N,N,N,N,N,N,,N,N,N,N,,N,,,,N,,,,,,,,,N,N,N,N,N,N,N,N,N,N,N,N,N,N,N,N,N,N,N,N,N,N,N,N,N,N,N,N,N,N,N,N,N,N,N,N,N,N,N,N,N,N,,N,N,N,N,N,N,N,N,N,N,N,N,N,N
prv3_night_hdr,0x00-00-04-01-01-00-00-00,,,N,Y,Y,N,N,N,N,N,N,N,N,N,,N,N,N,,N,,N,N,N,N,Y,Y,N,Y,Y,,Y,Y,Y,Y,N,N,N,N,N,N,N,,N,N,N,N,,N,,,,N,,,,,,,,,N,N,N,N,N,N,N,N,N,N,N,N,N,N,N,N,N,N,N,N,N,N,N,N,N,N,N,N,N,N,N,N,N,N,N,N,N,N,N,N,N,N,,N,N,N,N,N,N,N,N,N,N,N,N,N,N
cap0_night_hdr,0x00-00-05-01-01-00-00-00,N,,N,N,N,N,,N,N,N,N,N,N,N,N,N,N,N,N,N,N,N,N,N,N,Y,Y,N,N,N,,N,N,Y,Y,N,N,N,N,N,N,N,,N,N,N,N,N,N,,,,N,,N,,,,,,,N,N,N,N,N,N,N,N,N,N,N,N,N,N,N,N,N,N,N,N,N,N,N,N,N,N,N,N,N,N,N,,,N,,,,,,,,,,N,N,N,,N,N,N,N,N,N,,,,N
cap1_night_hdr,0x00-00-06-01-01-00-00-00,N,,N,N,N,N,,N,N,N,N,N,N,N,N,N,N,N,N,N,N,N,N,N,N,Y,Y,N,N,N,,N,N,Y,Y,N,N,N,N,N,N,N,,N,N,N,N,N,N,,,,N,,N,,,,,,,N,N,N,N,N,N,N,N,N,N,N,N,N,N,N,N,N,N,N,N,N,N,N,N,N,N,N,N,N,N,N,,,N,,,,,,,,,,N,N,N,,N,N,N,N,N,N,,,,N
cap2_night_hdr,0x00-00-07-01-01-00-00-00,N,,N,N,N,N,,N,N,N,N,N,N,N,N,N,N,N,N,N,N,N,N,N,N,Y,Y,N,N,N,,N,N,Y,Y,N,N,N,N,N,N,N,,N,N,N,N,N,N,,,,N,,N,,,,,,,N,N,N,N,N,N,N,N,N,N,N,N,N,N,N,N,N,N,N,N,N,N,N,N,N,N,N,N,N,N,N,,,N,,,,,,,,,,N,N,N,,N,N,N,N,N,N,,,,N
cap3_night_hdr,0x00-00-08-01-01-00-00-00,N,,N,N,N,N,,N,N,N,N,N,N,N,N,N,N,N,N,N,N,N,N,N,N,Y,Y,N,N,N,,N,N,Y,Y,N,N,N,N,N,N,N,,N,N,N,N,N,N,,,,N,,N,,,,,,,N,N,N,N,N,N,N,N,N,N,N,N,N,N,N,N,N,N,N,N,N,N,N,N,N,N,N,N,N,N,N,,,N,,,,,,,,,,N,N,N,,N,N,N,N,N,N,,,,N
video0_timelapsephotography,0x00-00-09-10-00-00-00-00,,,N,Y,Y,N,,N,N,N,N,N,N,N,,N,N,N,,N,,N,N,N,N,Y,Y,N,Y,Y,,Y,Y,Y,Y,N,,N,,,,,,,,N,,,N,,,,N,,,,,,,,,N,N,N,N,N,N,N,N,N,N,N,N,N,N,N,N,N,N,N,N,N,N,N,N,N,N,N,N,N,N,N,N,N,N,N,N,N,N,N,N,N,N,N,N,N,N,N,N,N,N,N,N,N,N,N,N,N
video1_timelapsephotography,0x00-00-0a-10-00-00-00-00,,,N,Y,Y,N,,N,N,N,N,N,N,N,,N,N,N,,N,,N,N,N,N,Y,Y,N,Y,Y,,Y,Y,Y,Y,N,,N,,,,,,,,N,,,N,,,,N,,,,,,,,,N,N,N,N,N,N,N,N,N,N,N,N,N,N,N,N,N,N,N,N,N,N,N,N,N,N,N,N,N,N,N,N,N,N,N,N,N,N,N,N,N,N,N,N,N,N,N,N,N,N,N,N,N,N,N,N,N
video2_timelapsephotography,0x00-00-0b-10-00-00-00-00,,,N,Y,Y,N,,N,N,N,N,N,N,N,,N,N,N,,N,,N,N,N,N,Y,Y,N,Y,Y,,Y,Y,Y,Y,N,,N,,,,,,,,N,,,N,,,,N,,,,,,,,,N,N,N,N,N,N,N,N,N,N,N,N,N,N,N,N,N,N,N,N,N,N,N,N,N,N,N,N,N,N,N,N,N,N,N,N,N,N,N,N,N,N,N,N,N,N,N,N,N,N,N,N,N,N,N,N,N
video3_timelapsephotography,0x00-00-0c-10-00-00-00-00,,,N,Y,Y,N,,N,N,N,N,N,N,N,,N,N,N,,N,,N,N,N,N,Y,Y,N,Y,Y,,Y,Y,Y,Y,N,,N,,,,,,,,N,,,N,,,,N,,,,,,,,,N,N,N,N,N,N,N,N,N,N,N,N,N,N,N,N,N,N,N,N,N,N,N,N,N,N,N,N,N,N,N,N,N,N,N,N,N,N,N,N,N,N,N,N,N,N,N,N,N,N,N,N,N,N,N,N,N
prv0_night_hdr_face,0x00-00-01-01-01-01-00-00,,N,N,Y,Y,N,N,N,N,N,N,N,N,N,,N,N,N,,N,,N,N,N,N,Y,Y,N,Y,Y,,Y,Y,Y,Y,N,N,N,N,N,N,N,,N,N,N,N,,N,,,,N,,,,,,,,,N,N,N,N,N,N,N,N,N,N,N,N,N,N,N,N,N,N,N,N,N,N,N,N,N,N,N,N,N,N,N,N,N,N,N,N,N,N,N,N,N,N,,N,N,N,N,N,N,N,N,N,N,N,N,N,N
prv1_night_hdr_face,0x00-00-02-01-01-01-00-00,,N,N,Y,Y,N,N,N,N,N,N,N,N,N,,N,N,N,,N,,N,N,N,N,Y,Y,N,Y,Y,,Y,Y,Y,Y,N,N,N,N,N,N,N,,N,N,N,N,,N,,,,N,,,,,,,,,N,N,N,N,N,N,N,N,N,N,N,N,N,N,N,N,N,N,N,N,N,N,N,N,N,N,N,N,N,N,N,N,N,N,N,N,N,N,N,N,N,N,,N,N,N,N,N,N,N,N,N,N,N,N,N,N
prv2_night_hdr_face,0x00-00-03-01-01-01-00-00,,N,N,Y,Y,N,N,N,N,N,N,N,N,N,,N,N,N,,N,,N,N,N,N,Y,Y,N,Y,Y,,Y,Y,Y,Y,N,N,N,N,N,N,N,,N,N,N,N,,N,,,,N,,,,,,,,,N,N,N,N,N,N,N,N,N,N,N,N,N,N,N,N,N,N,N,N,N,N,N,N,N,N,N,N,N,N,N,N,N,N,N,N,N,N,N,N,N,N,,N,N,N,N,N,N,N,N,N,N,N,N,N,N
prv3_night_hdr_face,0x00-00-04-01-01-01-00-00,,N,N,Y,Y,N,N,N,N,N,N,N,N,N,,N,N,N,,N,,N,N,N,N,Y,Y,N,Y,Y,,Y,Y,Y,Y,N,N,N,N,N,N,N,,N,N,N,N,,N,,,,N,,,,,,,,,N,N,N,N,N,N,N,N,N,N,N,N,N,N,N,N,N,N,N,N,N,N,N,N,N,N,N,N,N,N,N,N,N,N,N,N,N,N,N,N,N,N,,N,N,N,N,N,N,N,N,N,N,N,N,N,N
cap0_night_hdr_face,0x00-00-05-01-01-01-00-00,N,N,N,N,N,N,,N,N,N,N,N,N,N,N,N,N,N,,N,N,N,N,N,N,N,N,N,N,N,,N,N,Y,Y,N,N,N,N,N,N,N,,N,N,N,N,N,N,,,,N,,N,,,,,,,N,N,N,N,N,N,N,N,N,N,N,N,N,N,N,N,N,N,N,N,N,N,N,N,N,N,N,N,N,N,N,,,N,,,,,,,,,,N,N,N,,N,N,N,N,N,N,,,,N
cap1_night_hdr_face,0x00-00-06-01-01-01-00-00,N,N,N,N,N,N,,N,N,N,N,N,N,N,N,N,N,N,,N,N,N,N,N,N,N,N,N,N,N,,N,N,Y,Y,N,N,N,N,N,N,N,,N,N,N,N,N,N,,,,N,,N,,,,,,,N,N,N,N,N,N,N,N,N,N,N,N,N,N,N,N,N,N,N,N,N,N,N,N,N,N,N,N,N,N,N,,,N,,,,,,,,,,N,N,N,,N,N,N,N,N,N,,,,N
cap2_night_hdr_face,0x00-00-07-01-01-01-00-00,N,N,N,N,N,N,,N,N,N,N,N,N,N,N,N,N,N,,N,N,N,N,N,N,N,N,N,N,N,,N,N,Y,Y,N,N,N,N,N,N,N,,N,N,N,N,N,N,,,,N,,N,,,,,,,N,N,N,N,N,N,N,N,N,N,N,N,N,N,N,N,N,N,N,N,N,N,N,N,N,N,N,N,N,N,N,,,N,,,,,,,,,,N,N,N,,N,N,N,N,N,N,,,,N
cap3_night_hdr_face,0x00-00-08-01-01-01-00-00,N,N,N,N,N,N,,N,N,N,N,N,N,N,N,N,N,N,,N,N,N,N,N,N,N,N,N,N,N,,N,N,Y,Y,N,N,N,N,N,N,N,,N,N,N,N,N,N,,,,N,,N,,,,,,,N,N,N,N,N,N,N,N,N,N,N,N,N,N,N,N,N,N,N,N,N,N,N,N,N,N,N,N,N,N,N,,,N,,,,,,,,,,N,N,N,,N,N,N,N,N,N,,,,N
top-app-meiyan_prv2,0x00-12-03-00-00-00-00-00,,N,N,,,N,,N,N,N,N,N,N,N,,N,N,N,,N,,N,N,N,N,Y,Y,N,Y,Y,,Y,Y,Y,Y,N,,N,,,,,,,,N,,,N,,,,N,,,,,,,,,,N,N,N,N,N,N,N,N,N,N,N,N,N,N,N,N,N,N,N,N,N,N,N,N,N,N,N,N,N,N,N,N,N,N,N,N,N,N,N,,,N,N,N,N,,,N,N,,,,,,,N
prv1_chdr_mfnr,0x00-00-02-00-05-00-0a-00
prv1_mfnr,0x00-00-02-00-00-00-0a-00
cap1_field00-c5,0x00-00-06-00-08-00-00-00
cap1_lls,0x00-00-06-00-07-00-00-00